replicate,T_null,T_obs,global_p
0,5.643517289416167,80.41047539922894,0.003996003996003996
1,3.040033424076257,80.41047539922894,0.003996003996003996
2,5.008288174415252,80.41047539922894,0.003996003996003996
3,8.88000024739934,80.41047539922894,0.003996003996003996
4,4.0093082674841725,80.41047539922894,0.003996003996003996
5,4.41867937680567,80.41047539922894,0.003996003996003996
6,3.605958310080581,80.41047539922894,0.003996003996003996
7,9.475546115257446,80.41047539922894,0.003996003996003996
8,4.179889607249749,80.41047539922894,0.003996003996003996
9,2.8016780002132666,80.41047539922894,0.003996003996003996
10,2.950636705115535,80.41047539922894,0.003996003996003996
11,2.2899011243359304,80.41047539922894,0.003996003996003996
12,3.342505043619809,80.41047539922894,0.003996003996003996
13,12.1956852833281,80.41047539922894,0.003996003996003996
14,2.9141970332002813,80.41047539922894,0.003996003996003996
15,4.53876297934972,80.41047539922894,0.003996003996003996
16,3.051900485071047,80.41047539922894,0.003996003996003996
17,3.4101722899958826,80.41047539922894,0.003996003996003996
18,7.724396664258824,80.41047539922894,0.003996003996003996
19,4.857235187327959,80.41047539922894,0.003996003996003996
20,6.018633061197331,80.41047539922894,0.003996003996003996
21,4.009615504304044,80.41047539922894,0.003996003996003996
22,8.434273612242475,80.41047539922894,0.003996003996003996
23,3.446903291078243,80.41047539922894,0.003996003996003996
24,3.994663647088796,80.41047539922894,0.003996003996003996
25,12.84489678999206,80.41047539922894,0.003996003996003996
26,11.785149412698706,80.41047539922894,0.003996003996003996
27,3.9571961666472646,80.41047539922894,0.003996003996003996
28,3.796178867304741,80.41047539922894,0.003996003996003996
29,3.941227030149558,80.41047539922894,0.003996003996003996
30,5.2099181155271435,80.41047539922894,0.003996003996003996
31,3.733519299428586,80.41047539922894,0.003996003996003996
32,5.247255393100112,80.41047539922894,0.003996003996003996
33,4.614636305260559,80.41047539922894,0.003996003996003996
34,5.862381466008193,80.41047539922894,0.003996003996003996
35,3.6228680481995035,80.41047539922894,0.003996003996003996
36,3.8003213917481258,80.41047539922894,0.003996003996003996
37,3.715829640059411,80.41047539922894,0.003996003996003996
38,1.5945472506004768,80.41047539922894,0.003996003996003996
39,6.575525557970169,80.41047539922894,0.003996003996003996
40,1.978565026162805,80.41047539922894,0.003996003996003996
41,3.9626329072208257,80.41047539922894,0.003996003996003996
42,4.445755111532019,80.41047539922894,0.003996003996003996
43,2.760841390231885,80.41047539922894,0.003996003996003996
44,4.26474919999696,80.41047539922894,0.003996003996003996
45,5.286190963856877,80.41047539922894,0.003996003996003996
46,3.235323182539041,80.41047539922894,0.003996003996003996
47,7.42720852463219,80.41047539922894,0.003996003996003996
48,5.896478359598683,80.41047539922894,0.003996003996003996
49,2.240235609269032,80.41047539922894,0.003996003996003996
50,1.7068976959235735,80.41047539922894,0.003996003996003996
51,8.326077423558475,80.41047539922894,0.003996003996003996
52,5.479099736637966,80.41047539922894,0.003996003996003996
53,6.2783509252704555,80.41047539922894,0.003996003996003996
54,2.36125331557267,80.41047539922894,0.003996003996003996
55,1.8927140059418903,80.41047539922894,0.003996003996003996
56,2.6584444711025093,80.41047539922894,0.003996003996003996
57,2.7484065500733443,80.41047539922894,0.003996003996003996
58,5.733348402282626,80.41047539922894,0.003996003996003996
59,3.659939927735607,80.41047539922894,0.003996003996003996
60,11.067608417404932,80.41047539922894,0.003996003996003996
61,7.30997778625073,80.41047539922894,0.003996003996003996
62,5.505760167359423,80.41047539922894,0.003996003996003996
63,4.041689420256327,80.41047539922894,0.003996003996003996
64,1.7535448126890003,80.41047539922894,0.003996003996003996
65,2.234610504518442,80.41047539922894,0.003996003996003996
66,2.346941490978306,80.41047539922894,0.003996003996003996
67,8.931851639835005,80.41047539922894,0.003996003996003996
68,5.0814201628941085,80.41047539922894,0.003996003996003996
69,10.01965314885217,80.41047539922894,0.003996003996003996
70,4.227079728912557,80.41047539922894,0.003996003996003996
71,5.2553647147994305,80.41047539922894,0.003996003996003996
72,4.324743154184004,80.41047539922894,0.003996003996003996
73,4.716508343557324,80.41047539922894,0.003996003996003996
74,4.369317640876581,80.41047539922894,0.003996003996003996
75,5.413527179145412,80.41047539922894,0.003996003996003996
76,6.688456949346644,80.41047539922894,0.003996003996003996
77,1.6033944862487317,80.41047539922894,0.003996003996003996
78,3.765428069386733,80.41047539922894,0.003996003996003996
79,7.401439005989566,80.41047539922894,0.003996003996003996
80,4.959180212756998,80.41047539922894,0.003996003996003996
81,1.9161968043017108,80.41047539922894,0.003996003996003996
82,6.377552961435304,80.41047539922894,0.003996003996003996
83,1.9707922688941029,80.41047539922894,0.003996003996003996
84,5.994977032656832,80.41047539922894,0.003996003996003996
85,2.3218494327934547,80.41047539922894,0.003996003996003996
86,6.305780334942426,80.41047539922894,0.003996003996003996
87,4.714661832625154,80.41047539922894,0.003996003996003996
88,9.261109096643931,80.41047539922894,0.003996003996003996
89,3.504461689684799,80.41047539922894,0.003996003996003996
90,4.078547144714042,80.41047539922894,0.003996003996003996
91,3.740251130313963,80.41047539922894,0.003996003996003996
92,1.367393229238905,80.41047539922894,0.003996003996003996
93,6.990479087944941,80.41047539922894,0.003996003996003996
94,10.240652968733315,80.41047539922894,0.003996003996003996
95,4.4129805284298556,80.41047539922894,0.003996003996003996
96,4.787889304314147,80.41047539922894,0.003996003996003996
97,3.9769101524845443,80.41047539922894,0.003996003996003996
98,1.6483862028727287,80.41047539922894,0.003996003996003996
99,2.0032505820341235,80.41047539922894,0.003996003996003996
100,5.7095288566082765,80.41047539922894,0.003996003996003996
101,1.6182459884034905,80.41047539922894,0.003996003996003996
102,3.3992567071195303,80.41047539922894,0.003996003996003996
103,2.2443863493618714,80.41047539922894,0.003996003996003996
104,7.763651030679238,80.41047539922894,0.003996003996003996
105,4.756352027400759,80.41047539922894,0.003996003996003996
106,2.015108169306014,80.41047539922894,0.003996003996003996
107,3.9280465700267246,80.41047539922894,0.003996003996003996
108,7.972372256097511,80.41047539922894,0.003996003996003996
109,3.6620879920901057,80.41047539922894,0.003996003996003996
110,8.982525062042336,80.41047539922894,0.003996003996003996
111,3.0494997026454147,80.41047539922894,0.003996003996003996
112,6.278336544477934,80.41047539922894,0.003996003996003996
113,8.374220187078611,80.41047539922894,0.003996003996003996
114,2.2544615960388743,80.41047539922894,0.003996003996003996
115,5.085356817395562,80.41047539922894,0.003996003996003996
116,7.633927374899379,80.41047539922894,0.003996003996003996
117,5.338475257245916,80.41047539922894,0.003996003996003996
118,1.9184861900957166,80.41047539922894,0.003996003996003996
119,7.413598306445206,80.41047539922894,0.003996003996003996
120,4.297887072325953,80.41047539922894,0.003996003996003996
121,4.71782444332597,80.41047539922894,0.003996003996003996
122,2.4892546327286293,80.41047539922894,0.003996003996003996
123,8.59654548514689,80.41047539922894,0.003996003996003996
124,12.111916281564078,80.41047539922894,0.003996003996003996
125,8.866872679501117,80.41047539922894,0.003996003996003996
126,2.4677026313739816,80.41047539922894,0.003996003996003996
127,9.42288806097323,80.41047539922894,0.003996003996003996
128,5.291586581083971,80.41047539922894,0.003996003996003996
129,11.760839608342728,80.41047539922894,0.003996003996003996
130,6.61761067194082,80.41047539922894,0.003996003996003996
131,2.721208748195613,80.41047539922894,0.003996003996003996
132,2.776056756735424,80.41047539922894,0.003996003996003996
133,3.800272718366161,80.41047539922894,0.003996003996003996
134,12.521284762111577,80.41047539922894,0.003996003996003996
135,3.9903364219859085,80.41047539922894,0.003996003996003996
136,3.114475478667254,80.41047539922894,0.003996003996003996
137,4.6475431547495205,80.41047539922894,0.003996003996003996
138,1.0502385985153326,80.41047539922894,0.003996003996003996
139,2.1536057421874464,80.41047539922894,0.003996003996003996
140,2.8318621291890658,80.41047539922894,0.003996003996003996
141,5.514164635748257,80.41047539922894,0.003996003996003996
142,2.834601678548701,80.41047539922894,0.003996003996003996
143,5.7715017182773,80.41047539922894,0.003996003996003996
144,2.9053194461428635,80.41047539922894,0.003996003996003996
145,4.2014466559162855,80.41047539922894,0.003996003996003996
146,7.031632909648113,80.41047539922894,0.003996003996003996
147,9.781604566287701,80.41047539922894,0.003996003996003996
148,2.0911850868890483,80.41047539922894,0.003996003996003996
149,10.409819123236007,80.41047539922894,0.003996003996003996
150,2.2620426319114575,80.41047539922894,0.003996003996003996
151,3.1779684585888006,80.41047539922894,0.003996003996003996
152,7.707849700521347,80.41047539922894,0.003996003996003996
153,6.602978144708732,80.41047539922894,0.003996003996003996
154,4.6271456106798095,80.41047539922894,0.003996003996003996
155,7.0363752201784475,80.41047539922894,0.003996003996003996
156,9.78217995300126,80.41047539922894,0.003996003996003996
157,3.44144055779614,80.41047539922894,0.003996003996003996
158,2.3276772189316866,80.41047539922894,0.003996003996003996
159,2.8734908497370553,80.41047539922894,0.003996003996003996
160,15.92594636999543,80.41047539922894,0.003996003996003996
161,4.38924222130688,80.41047539922894,0.003996003996003996
162,4.410678921555512,80.41047539922894,0.003996003996003996
163,7.635170008137578,80.41047539922894,0.003996003996003996
164,10.786503280970852,80.41047539922894,0.003996003996003996
165,5.246850546825762,80.41047539922894,0.003996003996003996
166,2.4098848725102755,80.41047539922894,0.003996003996003996
167,4.433912907314095,80.41047539922894,0.003996003996003996
168,6.935694217345777,80.41047539922894,0.003996003996003996
169,7.1572210178601665,80.41047539922894,0.003996003996003996
170,2.6838082250256727,80.41047539922894,0.003996003996003996
171,5.142221237252187,80.41047539922894,0.003996003996003996
172,7.519547562178935,80.41047539922894,0.003996003996003996
173,3.805109935138077,80.41047539922894,0.003996003996003996
174,6.356199161658999,80.41047539922894,0.003996003996003996
175,1.7829757828602322,80.41047539922894,0.003996003996003996
176,5.12981438342927,80.41047539922894,0.003996003996003996
177,9.448168746472925,80.41047539922894,0.003996003996003996
178,5.516007276027594,80.41047539922894,0.003996003996003996
179,8.06641161190856,80.41047539922894,0.003996003996003996
180,3.225843960286767,80.41047539922894,0.003996003996003996
181,10.733147200894757,80.41047539922894,0.003996003996003996
182,3.5348960533082456,80.41047539922894,0.003996003996003996
183,4.01144268187216,80.41047539922894,0.003996003996003996
184,6.210842809596311,80.41047539922894,0.003996003996003996
185,5.875349814489221,80.41047539922894,0.003996003996003996
186,5.960978937561894,80.41047539922894,0.003996003996003996
187,5.993856299321502,80.41047539922894,0.003996003996003996
188,3.5576834451817945,80.41047539922894,0.003996003996003996
189,3.701400388621863,80.41047539922894,0.003996003996003996
190,10.264289979499678,80.41047539922894,0.003996003996003996
191,5.734742582811853,80.41047539922894,0.003996003996003996
192,3.7754761244863353,80.41047539922894,0.003996003996003996
193,6.705003137692229,80.41047539922894,0.003996003996003996
194,3.1019783005783914,80.41047539922894,0.003996003996003996
195,12.75092153476809,80.41047539922894,0.003996003996003996
196,8.241675951144323,80.41047539922894,0.003996003996003996
197,5.71466658105853,80.41047539922894,0.003996003996003996
198,5.437423257073512,80.41047539922894,0.003996003996003996
199,2.1805502373196886,80.41047539922894,0.003996003996003996
200,2.8357082814000005,80.41047539922894,0.003996003996003996
201,4.720457601392383,80.41047539922894,0.003996003996003996
202,8.335058602735632,80.41047539922894,0.003996003996003996
203,9.921431533920064,80.41047539922894,0.003996003996003996
204,3.7324784774052873,80.41047539922894,0.003996003996003996
205,5.270932475808879,80.41047539922894,0.003996003996003996
206,3.2775619809676684,80.41047539922894,0.003996003996003996
207,9.943390037953648,80.41047539922894,0.003996003996003996
208,10.01561117240886,80.41047539922894,0.003996003996003996
209,4.736427719719266,80.41047539922894,0.003996003996003996
210,6.37546146117581,80.41047539922894,0.003996003996003996
211,2.0900727980897322,80.41047539922894,0.003996003996003996
212,4.696517314553903,80.41047539922894,0.003996003996003996
213,6.107458256123268,80.41047539922894,0.003996003996003996
214,6.812421658670779,80.41047539922894,0.003996003996003996
215,3.697260303844132,80.41047539922894,0.003996003996003996
216,2.03029062889566,80.41047539922894,0.003996003996003996
217,6.1958760754076,80.41047539922894,0.003996003996003996
218,4.761024009261105,80.41047539922894,0.003996003996003996
219,8.202890886490351,80.41047539922894,0.003996003996003996
220,10.898888122661294,80.41047539922894,0.003996003996003996
221,12.659145465350079,80.41047539922894,0.003996003996003996
222,6.511022686289619,80.41047539922894,0.003996003996003996
223,6.336111374476003,80.41047539922894,0.003996003996003996
224,5.054756157719407,80.41047539922894,0.003996003996003996
225,7.999612106042308,80.41047539922894,0.003996003996003996
226,8.89050051478203,80.41047539922894,0.003996003996003996
227,5.652610542207469,80.41047539922894,0.003996003996003996
228,2.36786589945247,80.41047539922894,0.003996003996003996
229,2.053120633469794,80.41047539922894,0.003996003996003996
230,2.986555551633554,80.41047539922894,0.003996003996003996
231,6.096908086313952,80.41047539922894,0.003996003996003996
232,3.5360582562245995,80.41047539922894,0.003996003996003996
233,3.014276129893819,80.41047539922894,0.003996003996003996
234,4.759736192840775,80.41047539922894,0.003996003996003996
235,4.175355153798837,80.41047539922894,0.003996003996003996
236,4.81018336581414,80.41047539922894,0.003996003996003996
237,3.71118377608126,80.41047539922894,0.003996003996003996
238,0.8586818827377911,80.41047539922894,0.003996003996003996
239,2.075512627804663,80.41047539922894,0.003996003996003996
240,11.583155585210818,80.41047539922894,0.003996003996003996
241,5.06963679287149,80.41047539922894,0.003996003996003996
242,7.8432995635800395,80.41047539922894,0.003996003996003996
243,6.413893390416865,80.41047539922894,0.003996003996003996
244,6.109068950421788,80.41047539922894,0.003996003996003996
245,3.798807153578762,80.41047539922894,0.003996003996003996
246,8.994188685023097,80.41047539922894,0.003996003996003996
247,7.894050983332468,80.41047539922894,0.003996003996003996
248,5.150777346399352,80.41047539922894,0.003996003996003996
249,6.155270624775387,80.41047539922894,0.003996003996003996
250,11.237956290889535,80.41047539922894,0.003996003996003996
251,4.55805710387801,80.41047539922894,0.003996003996003996
252,3.399687499652021,80.41047539922894,0.003996003996003996
253,4.482584001344691,80.41047539922894,0.003996003996003996
254,3.6690989903128077,80.41047539922894,0.003996003996003996
255,3.5799164424570744,80.41047539922894,0.003996003996003996
256,2.628981218250882,80.41047539922894,0.003996003996003996
257,2.769013866152342,80.41047539922894,0.003996003996003996
258,10.259139507485727,80.41047539922894,0.003996003996003996
259,7.431694298334833,80.41047539922894,0.003996003996003996
260,2.5898892738056034,80.41047539922894,0.003996003996003996
261,2.5556272877154154,80.41047539922894,0.003996003996003996
262,8.143185024661761,80.41047539922894,0.003996003996003996
263,5.312956006229866,80.41047539922894,0.003996003996003996
264,3.1487702151292254,80.41047539922894,0.003996003996003996
265,10.328035101048865,80.41047539922894,0.003996003996003996
266,5.9977295429057165,80.41047539922894,0.003996003996003996
267,11.912403003966203,80.41047539922894,0.003996003996003996
268,5.406760253176132,80.41047539922894,0.003996003996003996
269,3.2621854336693,80.41047539922894,0.003996003996003996
270,1.6795803313451625,80.41047539922894,0.003996003996003996
271,3.3534836213545596,80.41047539922894,0.003996003996003996
272,3.5598847687232276,80.41047539922894,0.003996003996003996
273,5.988561390754203,80.41047539922894,0.003996003996003996
274,4.9675363634883265,80.41047539922894,0.003996003996003996
275,3.9581869444325903,80.41047539922894,0.003996003996003996
276,4.856984067821065,80.41047539922894,0.003996003996003996
277,5.303970681802053,80.41047539922894,0.003996003996003996
278,1.9300442637172024,80.41047539922894,0.003996003996003996
279,4.888033630371876,80.41047539922894,0.003996003996003996
280,1.9532765951370354,80.41047539922894,0.003996003996003996
281,3.463614730025272,80.41047539922894,0.003996003996003996
282,5.149386181099418,80.41047539922894,0.003996003996003996
283,9.308379946048559,80.41047539922894,0.003996003996003996
284,3.0791284598810567,80.41047539922894,0.003996003996003996
285,3.012819256753165,80.41047539922894,0.003996003996003996
286,7.345812730168538,80.41047539922894,0.003996003996003996
287,8.645027213997174,80.41047539922894,0.003996003996003996
288,2.80993505573578,80.41047539922894,0.003996003996003996
289,4.801700650488286,80.41047539922894,0.003996003996003996
290,2.7815569809122653,80.41047539922894,0.003996003996003996
291,6.509204306941246,80.41047539922894,0.003996003996003996
292,5.578209397024164,80.41047539922894,0.003996003996003996
293,3.599786591884259,80.41047539922894,0.003996003996003996
294,7.21698448747601,80.41047539922894,0.003996003996003996
295,4.721793408106002,80.41047539922894,0.003996003996003996
296,4.881497698988262,80.41047539922894,0.003996003996003996
297,4.646110937649011,80.41047539922894,0.003996003996003996
298,4.752684835809383,80.41047539922894,0.003996003996003996
299,4.823361081372374,80.41047539922894,0.003996003996003996
300,5.657454324352665,80.41047539922894,0.003996003996003996
301,3.024120477246788,80.41047539922894,0.003996003996003996
302,5.235017713866805,80.41047539922894,0.003996003996003996
303,3.7293503056613666,80.41047539922894,0.003996003996003996
304,8.768835567160163,80.41047539922894,0.003996003996003996
305,2.71224175118963,80.41047539922894,0.003996003996003996
306,8.732260363076733,80.41047539922894,0.003996003996003996
307,6.361266538412838,80.41047539922894,0.003996003996003996
308,7.7950004000318405,80.41047539922894,0.003996003996003996
309,4.31882909433968,80.41047539922894,0.003996003996003996
310,3.2448479604997438,80.41047539922894,0.003996003996003996
311,2.7290392124221245,80.41047539922894,0.003996003996003996
312,2.90762754936209,80.41047539922894,0.003996003996003996
313,6.1422157059196625,80.41047539922894,0.003996003996003996
314,4.541734178651264,80.41047539922894,0.003996003996003996
315,5.703569289192819,80.41047539922894,0.003996003996003996
316,5.584146279998782,80.41047539922894,0.003996003996003996
317,4.7752481028023865,80.41047539922894,0.003996003996003996
318,4.866653518588368,80.41047539922894,0.003996003996003996
319,8.28628513818386,80.41047539922894,0.003996003996003996
320,9.960560589499954,80.41047539922894,0.003996003996003996
321,3.84498354587347,80.41047539922894,0.003996003996003996
322,4.7811160915600865,80.41047539922894,0.003996003996003996
323,3.0305940654511527,80.41047539922894,0.003996003996003996
324,3.4276307122580754,80.41047539922894,0.003996003996003996
325,6.151681084283275,80.41047539922894,0.003996003996003996
326,5.223771249813595,80.41047539922894,0.003996003996003996
327,2.8945229734955156,80.41047539922894,0.003996003996003996
328,3.319028464374558,80.41047539922894,0.003996003996003996
329,8.544262427882366,80.41047539922894,0.003996003996003996
330,2.8872632011788326,80.41047539922894,0.003996003996003996
331,8.046693492248547,80.41047539922894,0.003996003996003996
332,3.6488974151857576,80.41047539922894,0.003996003996003996
333,2.260637968086197,80.41047539922894,0.003996003996003996
334,6.525843293358383,80.41047539922894,0.003996003996003996
335,12.229178357452227,80.41047539922894,0.003996003996003996
336,5.683230467478557,80.41047539922894,0.003996003996003996
337,3.9133298684712763,80.41047539922894,0.003996003996003996
338,4.742254843805663,80.41047539922894,0.003996003996003996
339,2.3297736505814797,80.41047539922894,0.003996003996003996
340,2.4025076302980573,80.41047539922894,0.003996003996003996
341,5.869918951497908,80.41047539922894,0.003996003996003996
342,7.784777938205869,80.41047539922894,0.003996003996003996
343,3.3943693426139623,80.41047539922894,0.003996003996003996
344,6.375906234468445,80.41047539922894,0.003996003996003996
345,3.5694082077686824,80.41047539922894,0.003996003996003996
346,2.8162609316413523,80.41047539922894,0.003996003996003996
347,6.377547623304629,80.41047539922894,0.003996003996003996
348,5.4158359758874255,80.41047539922894,0.003996003996003996
349,2.602480604960512,80.41047539922894,0.003996003996003996
350,9.4490400855301,80.41047539922894,0.003996003996003996
351,7.912471817810319,80.41047539922894,0.003996003996003996
352,5.065541042831509,80.41047539922894,0.003996003996003996
353,3.8575432985573457,80.41047539922894,0.003996003996003996
354,3.966895228547381,80.41047539922894,0.003996003996003996
355,2.724009839256313,80.41047539922894,0.003996003996003996
356,2.8725917106622987,80.41047539922894,0.003996003996003996
357,6.395668120508837,80.41047539922894,0.003996003996003996
358,1.2108500765538164,80.41047539922894,0.003996003996003996
359,2.965436809282645,80.41047539922894,0.003996003996003996
360,6.36769761220738,80.41047539922894,0.003996003996003996
361,6.615917139259137,80.41047539922894,0.003996003996003996
362,5.167470733167152,80.41047539922894,0.003996003996003996
363,9.779934791735656,80.41047539922894,0.003996003996003996
364,4.286402228647207,80.41047539922894,0.003996003996003996
365,4.1078052854277125,80.41047539922894,0.003996003996003996
366,3.0351986816181524,80.41047539922894,0.003996003996003996
367,3.6099076129010754,80.41047539922894,0.003996003996003996
368,8.249445357546684,80.41047539922894,0.003996003996003996
369,7.142576923285798,80.41047539922894,0.003996003996003996
370,3.196158459261266,80.41047539922894,0.003996003996003996
371,6.916524978870491,80.41047539922894,0.003996003996003996
372,4.173409130450322,80.41047539922894,0.003996003996003996
373,4.577644115539346,80.41047539922894,0.003996003996003996
374,3.234218500362278,80.41047539922894,0.003996003996003996
375,1.969740914475464,80.41047539922894,0.003996003996003996
376,1.5130669626886304,80.41047539922894,0.003996003996003996
377,3.024480269303279,80.41047539922894,0.003996003996003996
378,3.0862479375137077,80.41047539922894,0.003996003996003996
379,6.2932839979731225,80.41047539922894,0.003996003996003996
380,7.222450741462312,80.41047539922894,0.003996003996003996
381,5.196881959528447,80.41047539922894,0.003996003996003996
382,3.2896292920137276,80.41047539922894,0.003996003996003996
383,8.206014066228912,80.41047539922894,0.003996003996003996
384,4.457740159128187,80.41047539922894,0.003996003996003996
385,2.7057678168236947,80.41047539922894,0.003996003996003996
386,4.722276468810396,80.41047539922894,0.003996003996003996
387,7.121083010356049,80.41047539922894,0.003996003996003996
388,5.118212433488598,80.41047539922894,0.003996003996003996
389,4.472985361119612,80.41047539922894,0.003996003996003996
390,12.009880910326707,80.41047539922894,0.003996003996003996
391,2.9834755076001347,80.41047539922894,0.003996003996003996
392,3.0053190767930626,80.41047539922894,0.003996003996003996
393,4.6033425851779715,80.41047539922894,0.003996003996003996
394,2.122649966586124,80.41047539922894,0.003996003996003996
395,3.634828904168458,80.41047539922894,0.003996003996003996
396,3.0154643554516767,80.41047539922894,0.003996003996003996
397,5.0101412779434895,80.41047539922894,0.003996003996003996
398,5.063441679142066,80.41047539922894,0.003996003996003996
399,6.2640233977932755,80.41047539922894,0.003996003996003996
400,6.586855919726933,80.41047539922894,0.003996003996003996
401,3.5682274879174027,80.41047539922894,0.003996003996003996
402,468559.601814595,80.41047539922894,0.003996003996003996
403,3564058.3610952753,80.41047539922894,0.003996003996003996
404,3.529088791663794,80.41047539922894,0.003996003996003996
405,4.1566945789242915,80.41047539922894,0.003996003996003996
406,3.964989951267089,80.41047539922894,0.003996003996003996
407,9.891678618163748,80.41047539922894,0.003996003996003996
408,8.114955878793793,80.41047539922894,0.003996003996003996
409,8.10995425705568,80.41047539922894,0.003996003996003996
410,3.979138379669715,80.41047539922894,0.003996003996003996
411,6.158508229460775,80.41047539922894,0.003996003996003996
412,2.64401141002997,80.41047539922894,0.003996003996003996
413,1.704377320114272,80.41047539922894,0.003996003996003996
414,15.029549553211162,80.41047539922894,0.003996003996003996
415,3.0284021945897734,80.41047539922894,0.003996003996003996
416,2.9033648705149613,80.41047539922894,0.003996003996003996
417,3.0131441569906894,80.41047539922894,0.003996003996003996
418,6.147210518150313,80.41047539922894,0.003996003996003996
419,4.119063613958991,80.41047539922894,0.003996003996003996
420,7.394866196920564,80.41047539922894,0.003996003996003996
421,3.6662765161484625,80.41047539922894,0.003996003996003996
422,4.0037362330568795,80.41047539922894,0.003996003996003996
423,4.995484931473705,80.41047539922894,0.003996003996003996
424,11.669216108486676,80.41047539922894,0.003996003996003996
425,4.317193970732876,80.41047539922894,0.003996003996003996
426,3.0152318850810893,80.41047539922894,0.003996003996003996
427,2.2436978514977532,80.41047539922894,0.003996003996003996
428,5.753692593918606,80.41047539922894,0.003996003996003996
429,6.9258063846792135,80.41047539922894,0.003996003996003996
430,3.504837934856603,80.41047539922894,0.003996003996003996
431,7.772804945068489,80.41047539922894,0.003996003996003996
432,2.2307385680497127,80.41047539922894,0.003996003996003996
433,13.064426361700242,80.41047539922894,0.003996003996003996
434,4.231409234557874,80.41047539922894,0.003996003996003996
435,5.919032751732161,80.41047539922894,0.003996003996003996
436,4.255063021103654,80.41047539922894,0.003996003996003996
437,2.2672806006560364,80.41047539922894,0.003996003996003996
438,3.634120456129442,80.41047539922894,0.003996003996003996
439,5.705502111489512,80.41047539922894,0.003996003996003996
440,46823947.14191016,80.41047539922894,0.003996003996003996
441,4.100350301389918,80.41047539922894,0.003996003996003996
442,6.745465210040319,80.41047539922894,0.003996003996003996
443,3.051756111438552,80.41047539922894,0.003996003996003996
444,6.299227287727954,80.41047539922894,0.003996003996003996
445,5.120271875905779,80.41047539922894,0.003996003996003996
446,2.3784353894825045,80.41047539922894,0.003996003996003996
447,2.797590383378256,80.41047539922894,0.003996003996003996
448,4.864077414376224,80.41047539922894,0.003996003996003996
449,2.4437250893004423,80.41047539922894,0.003996003996003996
450,6.248619332107991,80.41047539922894,0.003996003996003996
451,3.144239318467836,80.41047539922894,0.003996003996003996
452,7.6673772897864865,80.41047539922894,0.003996003996003996
453,8.586724771920602,80.41047539922894,0.003996003996003996
454,6.406810211708487,80.41047539922894,0.003996003996003996
455,11.256073851111275,80.41047539922894,0.003996003996003996
456,4.393642082279612,80.41047539922894,0.003996003996003996
457,6.847497699926391,80.41047539922894,0.003996003996003996
458,6.558864494417124,80.41047539922894,0.003996003996003996
459,2.351836160752442,80.41047539922894,0.003996003996003996
460,3.8223218133055674,80.41047539922894,0.003996003996003996
461,2.4179371127520044,80.41047539922894,0.003996003996003996
462,9.62619907525112,80.41047539922894,0.003996003996003996
463,10.864738008621671,80.41047539922894,0.003996003996003996
464,2.9550099795950526,80.41047539922894,0.003996003996003996
465,5.606547244345975,80.41047539922894,0.003996003996003996
466,1.3086759623986612,80.41047539922894,0.003996003996003996
467,5.595581550783647,80.41047539922894,0.003996003996003996
468,6.450961011927674,80.41047539922894,0.003996003996003996
469,2.067914808601273,80.41047539922894,0.003996003996003996
470,3.9251501805911975,80.41047539922894,0.003996003996003996
471,6.329221164325954,80.41047539922894,0.003996003996003996
472,5.495968508250748,80.41047539922894,0.003996003996003996
473,6.204537752997426,80.41047539922894,0.003996003996003996
474,6.4110994857932635,80.41047539922894,0.003996003996003996
475,3.1829590650357584,80.41047539922894,0.003996003996003996
476,9.302640723014562,80.41047539922894,0.003996003996003996
477,4.7701152621967715,80.41047539922894,0.003996003996003996
478,5.6490907802485575,80.41047539922894,0.003996003996003996
479,2.10009051291847,80.41047539922894,0.003996003996003996
480,2.8793805637956567,80.41047539922894,0.003996003996003996
481,8.821125700011374,80.41047539922894,0.003996003996003996
482,8.986762332994884,80.41047539922894,0.003996003996003996
483,1.9152674894029502,80.41047539922894,0.003996003996003996
484,7.7507961541459665,80.41047539922894,0.003996003996003996
485,3.1283802427309,80.41047539922894,0.003996003996003996
486,2.3460809433760623,80.41047539922894,0.003996003996003996
487,13.227897141567786,80.41047539922894,0.003996003996003996
488,2.2558513807673926,80.41047539922894,0.003996003996003996
489,3.90318141905251,80.41047539922894,0.003996003996003996
490,4.5304922881842025,80.41047539922894,0.003996003996003996
491,3.948995595257987,80.41047539922894,0.003996003996003996
492,9.491811437158766,80.41047539922894,0.003996003996003996
493,3.8165971989382808,80.41047539922894,0.003996003996003996
494,5.091918358852935,80.41047539922894,0.003996003996003996
495,7.007028970160825,80.41047539922894,0.003996003996003996
496,10.758782392874267,80.41047539922894,0.003996003996003996
497,5.495793602579873,80.41047539922894,0.003996003996003996
498,5.963146533951862,80.41047539922894,0.003996003996003996
499,2.137434056346759,80.41047539922894,0.003996003996003996
500,3.755951903324986,80.41047539922894,0.003996003996003996
501,3.4603569257473694,80.41047539922894,0.003996003996003996
502,5.207028987980824,80.41047539922894,0.003996003996003996
503,3.0756819522142234,80.41047539922894,0.003996003996003996
504,2.0581728765128267,80.41047539922894,0.003996003996003996
505,4.8796145969967615,80.41047539922894,0.003996003996003996
506,6.8344666517937345,80.41047539922894,0.003996003996003996
507,3.4430881095639556,80.41047539922894,0.003996003996003996
508,3.2891079539343107,80.41047539922894,0.003996003996003996
509,4.166085179978229,80.41047539922894,0.003996003996003996
510,5.590233702773366,80.41047539922894,0.003996003996003996
511,8.192787243728812,80.41047539922894,0.003996003996003996
512,7.544975530170484,80.41047539922894,0.003996003996003996
513,5.664842718990997,80.41047539922894,0.003996003996003996
514,6.666016893872128,80.41047539922894,0.003996003996003996
515,4.840174945488215,80.41047539922894,0.003996003996003996
516,2.4168879270659485,80.41047539922894,0.003996003996003996
517,5.676545440762938,80.41047539922894,0.003996003996003996
518,4.588786609288258,80.41047539922894,0.003996003996003996
519,12.998710563767911,80.41047539922894,0.003996003996003996
520,7.583922854373064,80.41047539922894,0.003996003996003996
521,6.828308881350548,80.41047539922894,0.003996003996003996
522,11.45346527950771,80.41047539922894,0.003996003996003996
523,3.257529632945296,80.41047539922894,0.003996003996003996
524,6.522231605914113,80.41047539922894,0.003996003996003996
525,8.200848397481582,80.41047539922894,0.003996003996003996
526,8.189268655872546,80.41047539922894,0.003996003996003996
527,3.5198189045060673,80.41047539922894,0.003996003996003996
528,3.340646092525251,80.41047539922894,0.003996003996003996
529,2.0307742279121603,80.41047539922894,0.003996003996003996
530,3.4655474187700506,80.41047539922894,0.003996003996003996
531,1.899863137510513,80.41047539922894,0.003996003996003996
532,6.256131885984759,80.41047539922894,0.003996003996003996
533,2.9464229455419337,80.41047539922894,0.003996003996003996
534,6.915597225642269,80.41047539922894,0.003996003996003996
535,4.867576595869484,80.41047539922894,0.003996003996003996
536,8.287140285210352,80.41047539922894,0.003996003996003996
537,5.696915971565346,80.41047539922894,0.003996003996003996
538,7.653240095026009,80.41047539922894,0.003996003996003996
539,4.689920890187164,80.41047539922894,0.003996003996003996
540,2.627807401307333,80.41047539922894,0.003996003996003996
541,4.776715374985722,80.41047539922894,0.003996003996003996
542,4.291118141636324,80.41047539922894,0.003996003996003996
543,10.460030899522565,80.41047539922894,0.003996003996003996
544,4.041422828920982,80.41047539922894,0.003996003996003996
545,3.9659418047184545,80.41047539922894,0.003996003996003996
546,10.843021640428722,80.41047539922894,0.003996003996003996
547,4.309344648420218,80.41047539922894,0.003996003996003996
548,2.508727367746687,80.41047539922894,0.003996003996003996
549,8.186582266092099,80.41047539922894,0.003996003996003996
550,2.6407564460690303,80.41047539922894,0.003996003996003996
551,2.9780925286750186,80.41047539922894,0.003996003996003996
552,2.507704032224437,80.41047539922894,0.003996003996003996
553,3.7154331386620765,80.41047539922894,0.003996003996003996
554,6.002992868638643,80.41047539922894,0.003996003996003996
555,6.544450041800296,80.41047539922894,0.003996003996003996
556,4.904051649839122,80.41047539922894,0.003996003996003996
557,5.486625497035014,80.41047539922894,0.003996003996003996
558,3.399600697004497,80.41047539922894,0.003996003996003996
559,8.358065929305425,80.41047539922894,0.003996003996003996
560,8.886558380342994,80.41047539922894,0.003996003996003996
561,4.341690599602856,80.41047539922894,0.003996003996003996
562,4.748724735911818,80.41047539922894,0.003996003996003996
563,5.907101523208318,80.41047539922894,0.003996003996003996
564,2.7550878267995147,80.41047539922894,0.003996003996003996
565,4.953504162617518,80.41047539922894,0.003996003996003996
566,4.18121273404776,80.41047539922894,0.003996003996003996
567,4.216787848345186,80.41047539922894,0.003996003996003996
568,4.4166433860066245,80.41047539922894,0.003996003996003996
569,1.7418438652593942,80.41047539922894,0.003996003996003996
570,5.794698840101699,80.41047539922894,0.003996003996003996
571,3.604956288395581,80.41047539922894,0.003996003996003996
572,11.777245619884031,80.41047539922894,0.003996003996003996
573,3.013492375372321,80.41047539922894,0.003996003996003996
574,7.96327534708367,80.41047539922894,0.003996003996003996
575,10.247772067164812,80.41047539922894,0.003996003996003996
576,3.488948699836431,80.41047539922894,0.003996003996003996
577,4.733825415892401,80.41047539922894,0.003996003996003996
578,2.9480769639815634,80.41047539922894,0.003996003996003996
579,3.0952273853632786,80.41047539922894,0.003996003996003996
580,3.8495285591667674,80.41047539922894,0.003996003996003996
581,7.281836699271921,80.41047539922894,0.003996003996003996
582,1.866168830855477,80.41047539922894,0.003996003996003996
583,1.9598749032861207,80.41047539922894,0.003996003996003996
584,8.227708896325758,80.41047539922894,0.003996003996003996
585,6.163054936694991,80.41047539922894,0.003996003996003996
586,2.8810297231847724,80.41047539922894,0.003996003996003996
587,2.8286638587369968,80.41047539922894,0.003996003996003996
588,2.3627336773443197,80.41047539922894,0.003996003996003996
589,3.284045939688185,80.41047539922894,0.003996003996003996
590,6.177190535160749,80.41047539922894,0.003996003996003996
591,5.894722983341776,80.41047539922894,0.003996003996003996
592,3.596622922149159,80.41047539922894,0.003996003996003996
593,5.719304402794929,80.41047539922894,0.003996003996003996
594,6.908074005989484,80.41047539922894,0.003996003996003996
595,4.813874620031731,80.41047539922894,0.003996003996003996
596,2.769401811524105,80.41047539922894,0.003996003996003996
597,4.124965386415978,80.41047539922894,0.003996003996003996
598,7.5453623074948455,80.41047539922894,0.003996003996003996
599,5.766319514916345,80.41047539922894,0.003996003996003996
600,5.367487979565759,80.41047539922894,0.003996003996003996
601,4.8980750682225,80.41047539922894,0.003996003996003996
602,4.432507278600443,80.41047539922894,0.003996003996003996
603,9.723317715515362,80.41047539922894,0.003996003996003996
604,2.894553393856123,80.41047539922894,0.003996003996003996
605,7.491230848189664,80.41047539922894,0.003996003996003996
606,5.197591062153052,80.41047539922894,0.003996003996003996
607,3.1047804413768496,80.41047539922894,0.003996003996003996
608,4.746006554878502,80.41047539922894,0.003996003996003996
609,7.0140400377733805,80.41047539922894,0.003996003996003996
610,11.608483200063356,80.41047539922894,0.003996003996003996
611,4.035381212734414,80.41047539922894,0.003996003996003996
612,2.0316563394978733,80.41047539922894,0.003996003996003996
613,9.024381387503976,80.41047539922894,0.003996003996003996
614,2.9085068232791897,80.41047539922894,0.003996003996003996
615,3.6876229891638186,80.41047539922894,0.003996003996003996
616,5.408306903638634,80.41047539922894,0.003996003996003996
617,2.7458186698525013,80.41047539922894,0.003996003996003996
618,5.320789624168324,80.41047539922894,0.003996003996003996
619,9.478590218157557,80.41047539922894,0.003996003996003996
620,1.7615535579130288,80.41047539922894,0.003996003996003996
621,6.228878660122833,80.41047539922894,0.003996003996003996
622,4.671965291042465,80.41047539922894,0.003996003996003996
623,5.506570653031934,80.41047539922894,0.003996003996003996
624,4.872333219748242,80.41047539922894,0.003996003996003996
625,13.838493569655093,80.41047539922894,0.003996003996003996
626,2.880110725873678,80.41047539922894,0.003996003996003996
627,1.0022907094784186,80.41047539922894,0.003996003996003996
628,3.556794969621146,80.41047539922894,0.003996003996003996
629,3.3637122885328736,80.41047539922894,0.003996003996003996
630,4.735600652744964,80.41047539922894,0.003996003996003996
631,8.527690852474306,80.41047539922894,0.003996003996003996
632,2.601345215151797,80.41047539922894,0.003996003996003996
633,2.968739000875825,80.41047539922894,0.003996003996003996
634,2.8863789154569552,80.41047539922894,0.003996003996003996
635,6.5101388478036295,80.41047539922894,0.003996003996003996
636,4.625233195641863,80.41047539922894,0.003996003996003996
637,6.409564937482749,80.41047539922894,0.003996003996003996
638,5.001637541524106,80.41047539922894,0.003996003996003996
639,8.808881293333855,80.41047539922894,0.003996003996003996
640,4.287032475389978,80.41047539922894,0.003996003996003996
641,4.6627669288349445,80.41047539922894,0.003996003996003996
642,3.6044894298286607,80.41047539922894,0.003996003996003996
643,3.453904735970374,80.41047539922894,0.003996003996003996
644,7.172794893652046,80.41047539922894,0.003996003996003996
645,3.8700637525887736,80.41047539922894,0.003996003996003996
646,12.514145471189853,80.41047539922894,0.003996003996003996
647,10.527947597450025,80.41047539922894,0.003996003996003996
648,6.539877610097362,80.41047539922894,0.003996003996003996
649,3.2767117190720256,80.41047539922894,0.003996003996003996
650,3.3765788974838244,80.41047539922894,0.003996003996003996
651,3.371713541901647,80.41047539922894,0.003996003996003996
652,4.532659254511074,80.41047539922894,0.003996003996003996
653,3.1611897702140705,80.41047539922894,0.003996003996003996
654,4.051166646552517,80.41047539922894,0.003996003996003996
655,3.083485257010281,80.41047539922894,0.003996003996003996
656,3.2266607842173904,80.41047539922894,0.003996003996003996
657,2.381461921077819,80.41047539922894,0.003996003996003996
658,5.6348096030880015,80.41047539922894,0.003996003996003996
659,3.9442405976050416,80.41047539922894,0.003996003996003996
660,7.029772792260649,80.41047539922894,0.003996003996003996
661,4.218514393645384,80.41047539922894,0.003996003996003996
662,4.345982832867647,80.41047539922894,0.003996003996003996
663,5.413312603731779,80.41047539922894,0.003996003996003996
664,4.641500232886745,80.41047539922894,0.003996003996003996
665,7.163549186588391,80.41047539922894,0.003996003996003996
666,2.4031393581155758,80.41047539922894,0.003996003996003996
667,3.8517282722686605,80.41047539922894,0.003996003996003996
668,8.181983214541658,80.41047539922894,0.003996003996003996
669,5.600910242602801,80.41047539922894,0.003996003996003996
670,7.07350180495337,80.41047539922894,0.003996003996003996
671,4.36232462309817,80.41047539922894,0.003996003996003996
672,7.571503829959134,80.41047539922894,0.003996003996003996
673,3.145698315645232,80.41047539922894,0.003996003996003996
674,2.946947295452645,80.41047539922894,0.003996003996003996
675,7.6311252728987995,80.41047539922894,0.003996003996003996
676,12.173087357049681,80.41047539922894,0.003996003996003996
677,5.359548480078937,80.41047539922894,0.003996003996003996
678,8.783537068107158,80.41047539922894,0.003996003996003996
679,2.6525153903527503,80.41047539922894,0.003996003996003996
680,3.397275819237871,80.41047539922894,0.003996003996003996
681,6.909042821740833,80.41047539922894,0.003996003996003996
682,4.476930916210613,80.41047539922894,0.003996003996003996
683,6.7408065934792525,80.41047539922894,0.003996003996003996
684,4.630526057824159,80.41047539922894,0.003996003996003996
685,5.182846598641671,80.41047539922894,0.003996003996003996
686,4.790099630303525,80.41047539922894,0.003996003996003996
687,4.761093012205187,80.41047539922894,0.003996003996003996
688,7.490917294464465,80.41047539922894,0.003996003996003996
689,3.348575320198302,80.41047539922894,0.003996003996003996
690,3.4309828877196793,80.41047539922894,0.003996003996003996
691,2.5928172933916205,80.41047539922894,0.003996003996003996
692,3.4704294996040694,80.41047539922894,0.003996003996003996
693,4.405357165887315,80.41047539922894,0.003996003996003996
694,4.854137002763947,80.41047539922894,0.003996003996003996
695,3.9388058924662577,80.41047539922894,0.003996003996003996
696,7.148947040340534,80.41047539922894,0.003996003996003996
697,5.6199776905190575,80.41047539922894,0.003996003996003996
698,3.292196042953897,80.41047539922894,0.003996003996003996
699,11.295179293704322,80.41047539922894,0.003996003996003996
700,7.157510600716266,80.41047539922894,0.003996003996003996
701,6.522877124178994,80.41047539922894,0.003996003996003996
702,4.8823223578610335,80.41047539922894,0.003996003996003996
703,2.3247435931786864,80.41047539922894,0.003996003996003996
704,1.4728909070504246,80.41047539922894,0.003996003996003996
705,7.245837274254502,80.41047539922894,0.003996003996003996
706,12.756145371923722,80.41047539922894,0.003996003996003996
707,6.1180574278949695,80.41047539922894,0.003996003996003996
708,5.983580001259401,80.41047539922894,0.003996003996003996
709,2.4034969957273873,80.41047539922894,0.003996003996003996
710,3.4626587226882917,80.41047539922894,0.003996003996003996
711,3.6896832224037936,80.41047539922894,0.003996003996003996
712,6.596233151186418,80.41047539922894,0.003996003996003996
713,3.3087989648802676,80.41047539922894,0.003996003996003996
714,3.920752966164903,80.41047539922894,0.003996003996003996
715,1.833310899135875,80.41047539922894,0.003996003996003996
716,5.593309908945725,80.41047539922894,0.003996003996003996
717,9.896033689826213,80.41047539922894,0.003996003996003996
718,6.270374833447256,80.41047539922894,0.003996003996003996
719,2.7618141728846304,80.41047539922894,0.003996003996003996
720,4.674380441580693,80.41047539922894,0.003996003996003996
721,5.341049744687719,80.41047539922894,0.003996003996003996
722,5.433900039180214,80.41047539922894,0.003996003996003996
723,5.809402807669212,80.41047539922894,0.003996003996003996
724,4.49853814706551,80.41047539922894,0.003996003996003996
725,4.75890281105988,80.41047539922894,0.003996003996003996
726,6.771514835597605,80.41047539922894,0.003996003996003996
727,3.5738603187562124,80.41047539922894,0.003996003996003996
728,3.030842969887992,80.41047539922894,0.003996003996003996
729,5.012394739959614,80.41047539922894,0.003996003996003996
730,4.156960359407199,80.41047539922894,0.003996003996003996
731,2.2284570372136088,80.41047539922894,0.003996003996003996
732,7.057798441202657,80.41047539922894,0.003996003996003996
733,7.4935487062022155,80.41047539922894,0.003996003996003996
734,6.595055802223682,80.41047539922894,0.003996003996003996
735,4.27250750023738,80.41047539922894,0.003996003996003996
736,6.174910856351762,80.41047539922894,0.003996003996003996
737,5.943156337605693,80.41047539922894,0.003996003996003996
738,2.7099546433114075,80.41047539922894,0.003996003996003996
739,5.406698329094571,80.41047539922894,0.003996003996003996
740,8.40369368364735,80.41047539922894,0.003996003996003996
741,5.965580301683186,80.41047539922894,0.003996003996003996
742,4.5930280560741625,80.41047539922894,0.003996003996003996
743,4.420411242984304,80.41047539922894,0.003996003996003996
744,5.376616119265385,80.41047539922894,0.003996003996003996
745,6.035488083160217,80.41047539922894,0.003996003996003996
746,3.6894841686490594,80.41047539922894,0.003996003996003996
747,2.9981522443775006,80.41047539922894,0.003996003996003996
748,4.944271185944922,80.41047539922894,0.003996003996003996
749,4.368262841756639,80.41047539922894,0.003996003996003996
750,2.1805599022182296,80.41047539922894,0.003996003996003996
751,4.136919029148585,80.41047539922894,0.003996003996003996
752,9.987305152426655,80.41047539922894,0.003996003996003996
753,3.4738827011960858,80.41047539922894,0.003996003996003996
754,2.485133355661265,80.41047539922894,0.003996003996003996
755,6.341412073450382,80.41047539922894,0.003996003996003996
756,6.537253475193253,80.41047539922894,0.003996003996003996
757,6.049938784075692,80.41047539922894,0.003996003996003996
758,4.607195259593322,80.41047539922894,0.003996003996003996
759,11.21187655333364,80.41047539922894,0.003996003996003996
760,13.231199872350718,80.41047539922894,0.003996003996003996
761,4.972838781542997,80.41047539922894,0.003996003996003996
762,1.927946268576303,80.41047539922894,0.003996003996003996
763,7.974729492768223,80.41047539922894,0.003996003996003996
764,2.284382572539176,80.41047539922894,0.003996003996003996
765,5.602198137107349,80.41047539922894,0.003996003996003996
766,11.507246206285725,80.41047539922894,0.003996003996003996
767,6.899969869227295,80.41047539922894,0.003996003996003996
768,6.171388978063178,80.41047539922894,0.003996003996003996
769,3.911341049815018,80.41047539922894,0.003996003996003996
770,7.611333566878628,80.41047539922894,0.003996003996003996
771,3.461413783459813,80.41047539922894,0.003996003996003996
772,4.787154909986713,80.41047539922894,0.003996003996003996
773,6.495967129977226,80.41047539922894,0.003996003996003996
774,3.004654646101555,80.41047539922894,0.003996003996003996
775,10.460794909465083,80.41047539922894,0.003996003996003996
776,3.044616533993741,80.41047539922894,0.003996003996003996
777,4.467583530789419,80.41047539922894,0.003996003996003996
778,2.9350775479948448,80.41047539922894,0.003996003996003996
779,12.45945374417447,80.41047539922894,0.003996003996003996
780,2.7981401984214145,80.41047539922894,0.003996003996003996
781,4.6053060015007485,80.41047539922894,0.003996003996003996
782,2.3879995264339957,80.41047539922894,0.003996003996003996
783,5.792777312301361,80.41047539922894,0.003996003996003996
784,2.8330588794622784,80.41047539922894,0.003996003996003996
785,6.621922683080545,80.41047539922894,0.003996003996003996
786,4.479033626255509,80.41047539922894,0.003996003996003996
787,3.613204770804604,80.41047539922894,0.003996003996003996
788,3.509023181835974,80.41047539922894,0.003996003996003996
789,3.6498633867273744,80.41047539922894,0.003996003996003996
790,5.07384649663234,80.41047539922894,0.003996003996003996
791,4.63347385707543,80.41047539922894,0.003996003996003996
792,4.375949899337536,80.41047539922894,0.003996003996003996
793,5.695074019073472,80.41047539922894,0.003996003996003996
794,6.356820215832396,80.41047539922894,0.003996003996003996
795,8.407586730387774,80.41047539922894,0.003996003996003996
796,5.25904983408979,80.41047539922894,0.003996003996003996
797,6.5531225047189245,80.41047539922894,0.003996003996003996
798,6.028616834007716,80.41047539922894,0.003996003996003996
799,1.6315312432822369,80.41047539922894,0.003996003996003996
800,3.3029336770708326,80.41047539922894,0.003996003996003996
801,4.990784908581968,80.41047539922894,0.003996003996003996
802,1.0894938162491528,80.41047539922894,0.003996003996003996
803,8.29880126203795,80.41047539922894,0.003996003996003996
804,5.127294582648236,80.41047539922894,0.003996003996003996
805,3.42639786602755,80.41047539922894,0.003996003996003996
806,6.4306671767620855,80.41047539922894,0.003996003996003996
807,9.266007438479045,80.41047539922894,0.003996003996003996
808,10.126720435403886,80.41047539922894,0.003996003996003996
809,11.72303020068941,80.41047539922894,0.003996003996003996
810,2.793248502247808,80.41047539922894,0.003996003996003996
811,2.492010740711571,80.41047539922894,0.003996003996003996
812,6.451474218798582,80.41047539922894,0.003996003996003996
813,4.322766699737965,80.41047539922894,0.003996003996003996
814,5.688839771747155,80.41047539922894,0.003996003996003996
815,2.4987648456935485,80.41047539922894,0.003996003996003996
816,3.7389201630128905,80.41047539922894,0.003996003996003996
817,3.4548009318372,80.41047539922894,0.003996003996003996
818,9.086402691018696,80.41047539922894,0.003996003996003996
819,14.266657714677528,80.41047539922894,0.003996003996003996
820,7.104161620502563,80.41047539922894,0.003996003996003996
821,4.661361054409376,80.41047539922894,0.003996003996003996
822,5.287561824489564,80.41047539922894,0.003996003996003996
823,7.457942700069843,80.41047539922894,0.003996003996003996
824,1.7234496658349645,80.41047539922894,0.003996003996003996
825,5.930788452859666,80.41047539922894,0.003996003996003996
826,2.10217565086215,80.41047539922894,0.003996003996003996
827,4.475292279965034,80.41047539922894,0.003996003996003996
828,6.677178015771567,80.41047539922894,0.003996003996003996
829,5.202651346832635,80.41047539922894,0.003996003996003996
830,3.2835568332316534,80.41047539922894,0.003996003996003996
831,6.629254214448393,80.41047539922894,0.003996003996003996
832,14.206851047557294,80.41047539922894,0.003996003996003996
833,8.041615834722826,80.41047539922894,0.003996003996003996
834,3.521580250152887,80.41047539922894,0.003996003996003996
835,3.6397999222429096,80.41047539922894,0.003996003996003996
836,6.408847163729675,80.41047539922894,0.003996003996003996
837,3.4173466076756824,80.41047539922894,0.003996003996003996
838,5.54069202930037,80.41047539922894,0.003996003996003996
839,5.308258872544542,80.41047539922894,0.003996003996003996
840,7.742268564060669,80.41047539922894,0.003996003996003996
841,3.5474558666203553,80.41047539922894,0.003996003996003996
842,7.5844688969881915,80.41047539922894,0.003996003996003996
843,4.985474946387363,80.41047539922894,0.003996003996003996
844,2.840452946336253,80.41047539922894,0.003996003996003996
845,4.370269526375866,80.41047539922894,0.003996003996003996
846,3.493692678890403,80.41047539922894,0.003996003996003996
847,6.647132677148523,80.41047539922894,0.003996003996003996
848,6.775926273381513,80.41047539922894,0.003996003996003996
849,3.0480732701014777,80.41047539922894,0.003996003996003996
850,2.389608036249255,80.41047539922894,0.003996003996003996
851,9.75348336092432,80.41047539922894,0.003996003996003996
852,4.036622606712287,80.41047539922894,0.003996003996003996
853,10.555430870315172,80.41047539922894,0.003996003996003996
854,8.089472850645576,80.41047539922894,0.003996003996003996
855,5.031533233013035,80.41047539922894,0.003996003996003996
856,2.8602063607522847,80.41047539922894,0.003996003996003996
857,7.763571287576351,80.41047539922894,0.003996003996003996
858,6.845807074432882,80.41047539922894,0.003996003996003996
859,2.2459884421093097,80.41047539922894,0.003996003996003996
860,4.405836265707343,80.41047539922894,0.003996003996003996
861,5.411569862325846,80.41047539922894,0.003996003996003996
862,4.482143907431496,80.41047539922894,0.003996003996003996
863,7.851850425710053,80.41047539922894,0.003996003996003996
864,3.000070322804552,80.41047539922894,0.003996003996003996
865,3.244843385634164,80.41047539922894,0.003996003996003996
866,2.4052269592239535,80.41047539922894,0.003996003996003996
867,8.826210419392659,80.41047539922894,0.003996003996003996
868,6.602723955575469,80.41047539922894,0.003996003996003996
869,3.0175561953525705,80.41047539922894,0.003996003996003996
870,3.992596163697808,80.41047539922894,0.003996003996003996
871,6.421020130093737,80.41047539922894,0.003996003996003996
872,2.3784954737799477,80.41047539922894,0.003996003996003996
873,2.009580527021015,80.41047539922894,0.003996003996003996
874,5.533929720174205,80.41047539922894,0.003996003996003996
875,1.8719333333014934,80.41047539922894,0.003996003996003996
876,3.468363361191253,80.41047539922894,0.003996003996003996
877,3.6027262628562564,80.41047539922894,0.003996003996003996
878,6.879920699782597,80.41047539922894,0.003996003996003996
879,6.359334662258576,80.41047539922894,0.003996003996003996
880,3.7075414331648577,80.41047539922894,0.003996003996003996
881,6.925662344022744,80.41047539922894,0.003996003996003996
882,3.706768707960304,80.41047539922894,0.003996003996003996
883,3.6164447817972896,80.41047539922894,0.003996003996003996
884,3.2083136706725677,80.41047539922894,0.003996003996003996
885,12.65312396689867,80.41047539922894,0.003996003996003996
886,1.6664465718519637,80.41047539922894,0.003996003996003996
887,7.024668608666309,80.41047539922894,0.003996003996003996
888,4.806601372381774,80.41047539922894,0.003996003996003996
889,4.7892707006108814,80.41047539922894,0.003996003996003996
890,8.874725658278006,80.41047539922894,0.003996003996003996
891,6.157020878033377,80.41047539922894,0.003996003996003996
892,4.402992929610441,80.41047539922894,0.003996003996003996
893,4.2000083820905,80.41047539922894,0.003996003996003996
894,9.811365341739705,80.41047539922894,0.003996003996003996
895,5.104513286908665,80.41047539922894,0.003996003996003996
896,5.952972009474555,80.41047539922894,0.003996003996003996
897,5.318281252447775,80.41047539922894,0.003996003996003996
898,4.513005491479088,80.41047539922894,0.003996003996003996
899,3.3151271877306296,80.41047539922894,0.003996003996003996
900,5.924345376301581,80.41047539922894,0.003996003996003996
901,2.649303126146936,80.41047539922894,0.003996003996003996
902,3.012233284063786,80.41047539922894,0.003996003996003996
903,7.940127135252519,80.41047539922894,0.003996003996003996
904,8.933668187767594,80.41047539922894,0.003996003996003996
905,4.83613784058106,80.41047539922894,0.003996003996003996
906,5.04219428351864,80.41047539922894,0.003996003996003996
907,2.8819985783645317,80.41047539922894,0.003996003996003996
908,1.8065030614060777,80.41047539922894,0.003996003996003996
909,4.403449484410064,80.41047539922894,0.003996003996003996
910,2.694705641465708,80.41047539922894,0.003996003996003996
911,9.7259316478223,80.41047539922894,0.003996003996003996
912,4.7978772480631875,80.41047539922894,0.003996003996003996
913,4.663986272411892,80.41047539922894,0.003996003996003996
914,3.4869993268501567,80.41047539922894,0.003996003996003996
915,6.917302784879965,80.41047539922894,0.003996003996003996
916,7.058795875267453,80.41047539922894,0.003996003996003996
917,6.48990049953205,80.41047539922894,0.003996003996003996
918,6.6555063329669615,80.41047539922894,0.003996003996003996
919,7.547692548824205,80.41047539922894,0.003996003996003996
920,6.312134184195413,80.41047539922894,0.003996003996003996
921,3.4573941481369026,80.41047539922894,0.003996003996003996
922,4.323893338691268,80.41047539922894,0.003996003996003996
923,3.8043149855107945,80.41047539922894,0.003996003996003996
924,2.2343320000324702,80.41047539922894,0.003996003996003996
925,5.885737292783653,80.41047539922894,0.003996003996003996
926,6.507309385714743,80.41047539922894,0.003996003996003996
927,1.8668416386936482,80.41047539922894,0.003996003996003996
928,13.129388999073925,80.41047539922894,0.003996003996003996
929,3.667963990002706,80.41047539922894,0.003996003996003996
930,3.283439427427135,80.41047539922894,0.003996003996003996
931,4.047447336774852,80.41047539922894,0.003996003996003996
932,3.5840806978082522,80.41047539922894,0.003996003996003996
933,2.400429705610744,80.41047539922894,0.003996003996003996
934,6.489556297789093,80.41047539922894,0.003996003996003996
935,4.844227637306576,80.41047539922894,0.003996003996003996
936,2.2701746370197746,80.41047539922894,0.003996003996003996
937,3.603833564648525,80.41047539922894,0.003996003996003996
938,4.819224151521059,80.41047539922894,0.003996003996003996
939,6.112859252843609,80.41047539922894,0.003996003996003996
940,3.339380198874684,80.41047539922894,0.003996003996003996
941,5.829979813196951,80.41047539922894,0.003996003996003996
942,4.608327668767316,80.41047539922894,0.003996003996003996
943,13.21659152454967,80.41047539922894,0.003996003996003996
944,6.850595496176943,80.41047539922894,0.003996003996003996
945,3.9744110304810203,80.41047539922894,0.003996003996003996
946,9.402401259523243,80.41047539922894,0.003996003996003996
947,4.2737234352967235,80.41047539922894,0.003996003996003996
948,3.4769662011914413,80.41047539922894,0.003996003996003996
949,3.890414782275533,80.41047539922894,0.003996003996003996
950,3.8545183576163335,80.41047539922894,0.003996003996003996
951,10.340789607054507,80.41047539922894,0.003996003996003996
952,4.500291466263128,80.41047539922894,0.003996003996003996
953,6.624388979302861,80.41047539922894,0.003996003996003996
954,7.603439531621051,80.41047539922894,0.003996003996003996
955,16.791451203410904,80.41047539922894,0.003996003996003996
956,4.041927795713915,80.41047539922894,0.003996003996003996
957,10.452505642044773,80.41047539922894,0.003996003996003996
958,2.5434896884400118,80.41047539922894,0.003996003996003996
959,1.77556054283429,80.41047539922894,0.003996003996003996
960,4.347337020211569,80.41047539922894,0.003996003996003996
961,3.371853307338129,80.41047539922894,0.003996003996003996
962,4.693547961845976,80.41047539922894,0.003996003996003996
963,3.195168190021665,80.41047539922894,0.003996003996003996
964,2.554057893172347,80.41047539922894,0.003996003996003996
965,4.2987698014117335,80.41047539922894,0.003996003996003996
966,8.227196999040968,80.41047539922894,0.003996003996003996
967,3.9012365841268526,80.41047539922894,0.003996003996003996
968,10.582753544527453,80.41047539922894,0.003996003996003996
969,3.6826473186250297,80.41047539922894,0.003996003996003996
970,1.6937488852138358,80.41047539922894,0.003996003996003996
971,3.4021307000817806,80.41047539922894,0.003996003996003996
972,5.877207199422681,80.41047539922894,0.003996003996003996
973,6.1421835030801795,80.41047539922894,0.003996003996003996
974,5.935642356056061,80.41047539922894,0.003996003996003996
975,9.137191894846158,80.41047539922894,0.003996003996003996
976,5.078018239827232,80.41047539922894,0.003996003996003996
977,4.753659360079954,80.41047539922894,0.003996003996003996
978,6.001449288221048,80.41047539922894,0.003996003996003996
979,8.409228398266013,80.41047539922894,0.003996003996003996
980,10.727759548175442,80.41047539922894,0.003996003996003996
981,4.432543954695493,80.41047539922894,0.003996003996003996
982,5.03838995696788,80.41047539922894,0.003996003996003996
983,4.443530848476346,80.41047539922894,0.003996003996003996
984,4.3089789952884505,80.41047539922894,0.003996003996003996
985,4.762710777482095,80.41047539922894,0.003996003996003996
986,3.0662716140813444,80.41047539922894,0.003996003996003996
987,5.761763503376889,80.41047539922894,0.003996003996003996
988,4.381995221800947,80.41047539922894,0.003996003996003996
989,6.110776967404533,80.41047539922894,0.003996003996003996
990,7.5615452603218944,80.41047539922894,0.003996003996003996
991,1.9082487411520077,80.41047539922894,0.003996003996003996
992,9.622355263669322,80.41047539922894,0.003996003996003996
993,5.019173498396244,80.41047539922894,0.003996003996003996
994,8.31420237830427,80.41047539922894,0.003996003996003996
995,16.04239528797553,80.41047539922894,0.003996003996003996
996,4.3669993516822405,80.41047539922894,0.003996003996003996
997,3.876471471030129,80.41047539922894,0.003996003996003996
998,3.1893112400993147,80.41047539922894,0.003996003996003996
999,5.198524238373656,80.41047539922894,0.003996003996003996
