event_key,commonName,catalog_version,GPS,observing_run,source_class,M_chirp,M_total,mass_1_source,mass_2_source,M_final,D_L,redshift,chi_eff,p_astro,far,M_chirp_lower,M_chirp_upper,M_total_lower,M_total_upper,D_L_lower,D_L_upper,is_primary_entry
GW250207_115645-v1,GW250207_115645,O4_Discovery_Papers,1422964623.3,O4b,BBH,28.57,65.9,35.2,30.6,62.7,187.0,0.04,0.0,,1e-05,-0.77,0.44,-1.7,1.0,-52.0,121.0,True
GW250120_042414-v1,GW250120_042414,GWTC-5.0,1421382272.1,O4b,unknown,,,,,,,,,0.89,1.6,,,,,,,True
GW250119_190238-v1,GW250119_190238,GWTC-5.0,1421348576.3,O4b,BBH,9.38,21.64,11.54,9.95,20.56,311.0,0.07,0.09,0.99,1e-05,-0.48,0.14,-1.03,0.55,-68.0,289.0,True
GW250119_025138-v1,GW250119_025138,GWTC-5.0,1421290316.8,O4b,BBH,25.7,59.9,33.8,26.7,57.1,3100.0,0.52,0.06,0.99,1e-05,-2.5,4.0,-5.4,8.8,-1300.0,1100.0,True
GW250118_170523-v1,GW250118_170523,GWTC-5.0,1421255141.2,O4b,BBH,29.0,67.8,38.1,29.6,64.4,1910.0,0.35,0.12,0.99,1e-05,-2.9,3.5,-6.7,7.9,-740.0,800.0,True
GW250118_055802-v1,GW250118_055802,GWTC-5.0,1421215100.5,O4b,BBH,7.36,17.5,10.3,6.9,16.6,940.0,0.19,0.11,0.99,0.0089,-0.63,0.45,-1.6,4.7,-380.0,630.0,True
GW250118_023225-v1,GW250118_023225,GWTC-5.0,1421202763.9,O4b,BBH,31.1,74.0,44.0,31.0,71.0,5800.0,0.88,0.04,0.99,0.0035,-6.0,8.9,-13.0,20.0,-2900.0,3800.0,True
GW250116_051426-v1,GW250116_051426,GWTC-5.0,1421039685.0,O4b,unknown,,,,,,,,,0.63,4.8,,,,,,,True
GW250116_015318-v1,GW250116_015318,GWTC-5.0,1421027616.4,O4b,BBH,23.0,56.0,34.2,21.3,53.0,5200.0,0.8,0.15,0.99,0.12,-5.0,6.9,-11.0,16.0,-2500.0,3900.0,True
GW250114_082203-v1,GW250114_082203,O4_Discovery_Papers,1420878141.2,O4b,BBH,28.6,65.8,33.6,32.2,62.7,403.0,0.09,-0.03,,,-0.5,0.5,-1.2,1.1,-70.0,74.0,False
GW250114_082203-v2,GW250114_082203,GWTC-5.0,1420878141.2,O4b,BBH,28.71,66.0,33.76,32.26,62.9,405.0,0.09,-0.03,0.99,1e-05,-0.51,0.5,-1.2,1.1,-73.0,84.0,True
GW250109_083206-v1,GW250109_083206,GWTC-5.0,1420446744.3,O4b,unknown,,,,,,,,,0.99,1.4,,,,,,,True
GW250109_074552-v1,GW250109_074552,GWTC-5.0,1420443970.4,O4b,BBH,29.6,69.2,39.0,30.2,65.9,2300.0,0.41,0.07,0.95,0.42,-3.8,4.7,-8.6,10.5,-1100.0,1400.0,True
GW250109_010541-v1,GW250109_010541,GWTC-5.0,1420419959.5,O4b,BBH,27.4,64.9,37.5,27.4,62.2,3400.0,0.56,-0.11,0.99,1e-05,-3.9,6.4,-8.6,14.7,-1700.0,1700.0,True
GW250108_152221-v1,GW250108_152221,GWTC-5.0,1420384959.7,O4b,BBH,37.6,90.0,54.0,36.0,86.0,3800.0,0.63,0.05,0.99,0.00015,-5.5,7.7,-13.0,17.0,-1900.0,2400.0,True
GW250105_134047-v1,GW250105_134047,GWTC-5.0,1420119665.7,O4b,unknown,,,,,,,,,0.51,10.0,,,,,,,True
GW250104_015122-v1,GW250104_015122,GWTC-5.0,1419990700.3,O4b,BBH,33.9,80.0,45.8,34.5,76.0,4800.0,0.76,0.11,0.99,1e-05,-5.2,8.1,-11.0,18.0,-2300.0,2500.0,True
GW250101_011205-v1,GW250101_011205,GWTC-5.0,1419729143.0,O4b,BBH,21.5,50.8,30.0,21.1,48.7,3200.0,0.54,-0.05,0.99,0.02,-3.3,4.1,-6.6,9.3,-1500.0,1700.0,True
GW241231_054133-v1,GW241231_054133,GWTC-5.0,1419658911.6,O4b,BBH,8.08,19.6,12.4,7.1,18.7,910.0,0.18,0.08,0.99,1e-05,-0.22,0.43,-1.2,2.0,-330.0,190.0,True
GW241230_233618-v1,GW241230_233618,GWTC-5.0,1419636996.1,O4b,BBH,49.3,116.0,68.0,49.0,112.0,2700.0,0.47,-0.14,0.95,0.48,-9.7,10.8,-18.0,23.0,-1300.0,2100.0,True
GW241230_084504-v1,GW241230_084504,GWTC-5.0,1419583522.5,O4b,BBH,32.4,75.6,42.4,33.5,72.4,2900.0,0.5,-0.14,0.99,1e-05,-4.0,5.7,-8.9,12.9,-1300.0,1400.0,True
GW241229_155844-v1,GW241229_155844,GWTC-5.0,1419523142.7,O4b,BBH,35.0,85.0,52.0,33.0,82.0,6800.0,1.0,0.05,0.99,0.083,-8.5,12.3,-19.0,27.0,-3400.0,5200.0,True
GW241225_082815-v1,GW241225_082815,GWTC-5.0,1419150513.7,O4b,BBH,41.8,98.0,55.7,42.2,94.0,1880.0,0.34,-0.17,0.99,1e-05,-5.2,6.1,-11.0,14.0,-880.0,1080.0,True
GW241225_042553-v1,GW241225_042553,GWTC-5.0,1419135971.2,O4b,BBH,8.65,20.6,12.4,8.1,19.6,660.0,0.14,0.12,0.99,1e-05,-0.26,0.42,-1.1,1.7,-270.0,190.0,True
GW241220_062146-v1,GW241220_062146,GWTC-5.0,1418710924.5,O4b,unknown,,,,,,,,,0.57,9.4,,,,,,,True
GW241219_222607-v1,GW241219_222607,GWTC-5.0,1418682385.3,O4b,unknown,,,,,,,,,0.56,7.900000000000001,,,,,,,True
GW241210_120900-v1,GW241210_120900,GWTC-5.0,1417867758.6,O4b,BBH,26.3,64.0,40.0,23.6,62.0,3600.0,0.59,-0.07,0.97,0.28,-4.9,6.4,-12.0,15.0,-1800.0,3000.0,True
GW241210_060606-v1,GW241210_060606,GWTC-5.0,1417845984.8,O4b,BBH,21.3,50.2,29.0,21.4,47.9,2600.0,0.45,0.04,0.99,1e-05,-2.4,4.1,-5.7,9.4,-1200.0,1200.0,True
GW241210_023335-v1,GW241210_023335,GWTC-5.0,1417833233.2,O4b,unknown,,,,,,,,,0.87,1.9000000000000001,,,,,,,True
GW241201_142737-v1,GW241201_142737,GWTC-5.0,1417098475.1,O4b,unknown,,,,,,,,,0.66,7.6000000000000005,,,,,,,True
GW241201_055758-v1,GW241201_055758,GWTC-5.0,1417067896.6,O4b,BBH,33.5,80.0,47.0,33.0,76.0,7100.0,1.03,0.13,0.92,0.83,-7.5,10.7,-16.0,24.0,-3800.0,4700.0,True
GW241130_110422-v1,GW241130_110422,GWTC-5.0,1416999880.1,O4b,BBH,7.31,17.8,11.1,6.5,17.0,1320.0,0.25,0.04,0.99,0.00055,-0.48,0.64,-1.7,3.4,-570.0,530.0,True
GW241130_034908-v1,GW241130_034908,GWTC-5.0,1416973766.6,O4b,BBH,23.3,54.2,29.9,24.3,51.6,1990.0,0.36,0.05,0.99,1e-05,-2.2,2.9,-5.1,6.7,-930.0,990.0,True
GW241129_140416-v1,GW241129_140416,GWTC-5.0,1416924274.7,O4b,unknown,,,,,,,,,0.51,16.0,,,,,,,True
GW241129_021832-v1,GW241129_021832,GWTC-5.0,1416881930.6,O4b,BBH,22.7,53.3,30.4,23.0,50.6,2550.0,0.45,0.17,0.99,1e-05,-1.7,2.8,-4.2,6.1,-910.0,740.0,True
GW241127_061008-v1,GW241127_061008,GWTC-5.0,1416723026.2,O4b,BBH,30.8,85.3,63.8,20.8,83.0,1080.0,0.21,-0.16,0.99,1e-05,-2.0,3.6,-5.6,6.0,-180.0,220.0,True
GW241125_010116-v1,GW241125_010116,GWTC-5.0,1416531694.8,O4b,BBH,45.0,106.0,60.0,47.0,101.0,4700.0,0.74,0.09,0.99,1.1e-05,-10.0,10.0,-22.0,23.0,-2200.0,3900.0,True
GW241124_024914-v1,GW241124_024914,GWTC-5.0,1416451772.3,O4b,BBH,28.4,70.0,42.0,26.0,67.0,4500.0,0.72,0.04,0.94,0.78,-6.1,8.6,-15.0,26.0,-2300.0,4000.0,True
GW241116_151753-v1,GW241116_151753,GWTC-5.0,1415805491.7,O4b,BBH,34.0,99.0,70.0,24.0,95.0,5700.0,0.87,0.28,0.99,0.0044,-9.6,18.8,-30.0,48.0,-2900.0,5600.0,True
GW241114_235258-v1,GW241114_235258,GWTC-5.0,1415663596.1,O4b,BBH,8.04,19.1,11.3,7.7,18.2,790.0,0.16,0.06,0.99,1e-05,-0.37,0.5,-1.3,2.9,-350.0,300.0,True
GW241114_024711-v1,GW241114_024711,GWTC-5.0,1415587649.8,O4b,BBH,29.2,71.9,47.0,25.0,68.9,2600.0,0.45,0.12,0.99,1e-05,-4.3,4.7,-9.5,9.9,-1000.0,1600.0,True
GW241113_163507-v1,GW241113_163507,GWTC-5.0,1415550925.5,O4b,BBH,14.4,33.9,19.3,14.4,31.7,1360.0,0.26,0.5,0.99,1e-05,-1.1,1.5,-3.0,3.9,-630.0,670.0,True
GW241111_111552-v1,GW241111_111552,GWTC-5.0,1415358970.6,O4b,BBH,19.5,45.4,25.3,20.5,43.2,1550.0,0.29,0.1,0.99,1e-05,-1.6,2.7,-3.7,5.9,-740.0,580.0,True
GW241110_124123-v1,GW241110_124123,O4_Discovery_Papers,1415277701.7,O4b,BBH,9.8,24.9,17.2,7.7,,736.0,,-0.28,,0.00063,-0.4,0.5,,,-267.0,270.0,False
GW241110_124123-v2,GW241110_124123,GWTC-5.0,1415277701.7,O4b,BBH,9.84,24.5,16.4,8.0,23.7,740.0,0.15,-0.31,0.99,0.00063,-0.42,0.5,-2.2,3.5,-260.0,260.0,True
GW241109_115924-v1,GW241109_115924,GWTC-5.0,1415188782.9,O4b,BBH,5.29,12.51,7.3,5.14,11.94,600.0,0.12,0.01,0.99,0.00011999999999999999,-0.2,0.28,-0.68,1.51,-290.0,230.0,True
GW241109_033317-v1,GW241109_033317,GWTC-5.0,1415158416.0,O4b,BBH,31.4,74.0,42.4,31.7,70.0,2700.0,0.46,0.01,0.99,0.0013,-5.2,7.0,-11.0,16.0,-1500.0,2000.0,True
GW241109_005349-v1,GW241109_005349,GWTC-5.0,1415148847.3,O4b,unknown,,,,,,,,,0.56,7.400000000000001,,,,,,,True
GW241106_110932-v1,GW241106_110932,GWTC-5.0,1414926590.1,O4b,unknown,,,,,,,,,0.73,3.8999999999999995,,,,,,,True
GW241102_144729-v1,GW241102_144729,GWTC-5.0,1414594067.7,O4b,BBH,31.5,75.1,44.4,31.0,72.0,3400.0,0.57,-0.09,0.99,1e-05,-4.8,6.5,-9.8,13.6,-1600.0,2000.0,True
GW241102_124058-v1,GW241102_124058,GWTC-5.0,1414586476.8,O4b,BBH,8.12,19.01,10.9,8.0,18.1,390.0,0.08,0.06,0.99,1e-05,-0.09,0.17,-0.47,1.45,-112.0,59.0,True
GW241101_220523-v1,GW241101_220523,GWTC-5.0,1414533941.1,O4b,BBH,23.6,60.2,41.0,19.3,57.7,2200.0,0.39,0.15,0.99,0.00055,-3.1,5.8,-9.2,12.7,-1000.0,1400.0,True
GW241101_034726-v1,GW241101_034726,GWTC-5.0,1414468064.2,O4b,unknown,,,,,,,,,0.87,2.1,,,,,,,True
GW241018_235402-v1,GW241018_235402,GWTC-5.0,1413330860.2,O4b,unknown,,,,,,,,,0.98,1.7999999999999998,,,,,,,True
GW241011_233834-v1,GW241011_233834,O4_Discovery_Papers,1412725132.9,O4b,BBH,9.1,25.5,19.6,5.9,,214.0,,0.49,,1e-05,-0.1,0.1,,,-48.0,44.0,False
GW241011_233834-v2,GW241011_233834,GWTC-5.0,1412725133.0,O4b,BBH,9.09,25.5,19.5,5.96,24.4,212.0,0.05,0.5,0.99,1e-05,-0.08,0.08,-1.5,2.0,-41.0,43.0,True
GW241009_220455-v1,GW241009_220455,GWTC-5.0,1412546713.5,O4b,BBH,25.2,58.9,33.2,25.5,56.0,2900.0,0.5,0.11,0.99,0.023,-5.1,4.0,-10.9,9.3,-1300.0,2200.0,True
GW241009_084816-v1,GW241009_084816,GWTC-5.0,1412498914.8,O4b,BBH,8.78,21.0,12.7,8.1,20.1,1130.0,0.22,-0.05,0.99,1e-05,-0.65,0.67,-1.9,2.3,-480.0,580.0,True
GW241009_022835-v1,GW241009_022835,GWTC-5.0,1412476133.7,O4b,BBH,27.1,64.0,37.1,26.8,61.0,5600.0,0.85,0.09,0.99,0.9699999999999999,-5.6,8.2,-13.0,19.0,-2800.0,3800.0,True
GW241007_082943-v1,GW241007_082943,GWTC-5.0,1412325001.2,O4b,BBH,26.7,63.2,36.6,26.6,60.1,4000.0,0.65,0.11,0.99,0.042,-4.3,6.8,-9.8,15.7,-2000.0,2300.0,True
GW241006_015333-v1,GW241006_015333,GWTC-5.0,1412214831.5,O4b,BBH,19.4,44.9,24.6,20.3,42.7,1850.0,0.34,0.07,0.99,1e-05,-1.3,1.8,-3.0,4.2,-710.0,650.0,True
GW241002_030559-v1,GW241002_030559,GWTC-5.0,1411873577.7,O4b,BBH,28.8,67.2,37.3,29.9,64.2,1460.0,0.28,-0.1,0.99,1e-05,-3.4,3.9,-7.7,8.8,-680.0,950.0,True
GW240930_234614-v1,GW240930_234614,GWTC-5.0,1411775192.9,O4b,BBH,23.9,58.0,35.8,21.9,55.5,3600.0,0.6,0.04,0.98,0.24,-3.7,4.9,-9.2,12.3,-2000.0,2600.0,True
GW240930_123408-v1,GW240930_123408,GWTC-5.0,1411734866.6,O4b,unknown,,,,,,,,,0.81,2.9,,,,,,,True
GW240930_035959-v1,GW240930_035959,GWTC-5.0,1411704018.0,O4b,BBH,14.5,36.8,25.5,11.2,35.5,950.0,0.19,-0.05,0.99,1e-05,-0.98,0.77,-3.4,3.8,-290.0,490.0,True
GW240925_005809-v1,GW240925_005809,O4_Discovery_Papers,1411261108.0,O4b,BBH,6.85,16.1,9.0,7.0,15.3,356.0,0.08,0.02,,1e-05,-0.08,0.22,-0.4,0.7,-162.0,61.0,False
GW240925_005809-v2,GW240925_005809,GWTC-5.0,1411261108.0,O4b,BBH,6.85,16.07,9.02,6.99,15.32,356.0,0.08,0.02,0.99,1e-05,-0.08,0.22,-0.44,0.71,-162.0,61.0,True
GW240925_000956-v1,GW240925_000956,GWTC-5.0,1411258214.3,O4b,unknown,,,,,,,,,0.61,6.5,,,,,,,True
GW240924_000316-v1,GW240924_000316,GWTC-5.0,1411171414.5,O4b,BBH,34.2,80.0,46.0,34.0,76.0,3700.0,0.61,0.1,0.99,2e-05,-6.3,8.4,-14.0,19.0,-1700.0,2600.0,True
GW240923_204006-v1,GW240923_204006,GWTC-5.0,1411159224.1,O4b,BBH,34.1,79.9,46.1,34.9,76.3,4000.0,0.65,0.01,0.99,1e-05,-4.8,7.3,-9.6,16.2,-1900.0,1800.0,True
GW240923_110846-v1,GW240923_110846,GWTC-5.0,1411124944.5,O4b,unknown,,,,,,,,,0.61,8.5,,,,,,,True
GW240923_000715-v1,GW240923_000715,GWTC-5.0,1411085253.3,O4b,unknown,,,,,,,,,0.78,1.6,,,,,,,True
GW240922_142106-v1,GW240922_142106,GWTC-5.0,1411050084.4,O4b,BBH,8.12,19.3,11.5,7.8,18.4,1230.0,0.24,0.07,0.99,1e-05,-0.37,0.63,-1.2,2.2,-500.0,340.0,True
GW240921_201835-v1,GW240921_201835,GWTC-5.0,1410985133.8,O4b,BBH,15.62,44.8,34.9,9.8,43.7,920.0,0.18,,0.99,1e-05,-1.52,0.76,-7.0,7.5,-300.0,760.0,True
GW240920_124024-v1,GW240920_124024,GWTC-5.0,1410871242.9,O4b,BBH,29.8,68.8,37.1,31.9,65.6,1090.0,0.21,-0.04,0.99,1e-05,-1.2,1.7,-2.6,3.7,-320.0,220.0,True
GW240920_073424-v1,GW240920_073424,GWTC-5.0,1410852882.5,O4b,BBH,15.6,38.2,24.7,13.4,36.7,1440.0,0.27,-0.09,0.99,1e-05,-1.3,1.5,-3.9,5.6,-550.0,620.0,True
GW240919_215453-v1,GW240919_215453,GWTC-5.0,1410818111.6,O4b,unknown,,,,,,,,,0.7,5.1,,,,,,,True
GW240919_061559-v1,GW240919_061559,GWTC-5.0,1410761777.2,O4b,BBH,29.0,67.8,38.3,29.6,64.7,1870.0,0.34,-0.02,0.99,1e-05,-2.6,3.2,-5.9,7.0,-740.0,820.0,True
GW240917_130237-v1,GW240917_130237,GWTC-5.0,1410613375.7,O4b,unknown,,,,,,,,,0.85,1.7999999999999998,,,,,,,True
GW240916_184352-v1,GW240916_184352,GWTC-5.0,1410547450.3,O4b,BBH,7.89,18.7,10.7,7.8,17.8,1280.0,0.25,0.05,0.99,0.028,-0.62,0.8,-1.7,2.4,-640.0,630.0,True
GW240915_105151-v1,GW240915_105151,GWTC-5.0,1410432729.1,O4b,BBH,8.07,19.4,11.6,7.5,18.5,630.0,0.13,0.07,0.99,1e-05,-0.32,0.4,-1.3,4.4,-280.0,260.0,True
GW240915_045510-v1,GW240915_045510,GWTC-5.0,1410411328.7,O4b,unknown,,,,,,,,,0.75,3.5,,,,,,,True
GW240915_001357-v1,GW240915_001357,GWTC-5.0,1410394455.7,O4b,BBH,7.95,18.8,10.9,7.7,17.88,920.0,0.18,0.13,0.99,1e-05,-0.21,0.37,-0.87,3.1,-290.0,190.0,True
GW240913_111216-v1,GW240913_111216,GWTC-5.0,1410261154.9,O4b,unknown,,,,,,,,,0.62,6.2,,,,,,,True
GW240910_103535-v1,GW240910_103535,GWTC-5.0,1409999753.5,O4b,BBH,7.16,17.3,10.9,6.3,16.6,740.0,0.15,0.12,0.99,1e-05,-0.19,0.39,-1.1,1.8,-310.0,170.0,True
GW240908_174149-v1,GW240908_174149,GWTC-5.0,1409852527.2,O4b,unknown,,,,,,,,,0.67,3.1,,,,,,,True
GW240908_125134-v1,GW240908_125134,GWTC-5.0,1409835112.3,O4b,BBH,32.5,77.0,45.0,32.0,74.0,4700.0,0.74,-0.09,0.97,0.29,-6.6,8.6,-15.0,19.0,-2300.0,3500.0,True
GW240908_082628-v1,GW240908_082628,GWTC-5.0,1409819206.4,O4b,BBH,28.6,68.0,39.8,27.7,65.0,3100.0,0.53,0.14,0.99,1.2e-05,-5.8,5.6,-14.0,12.0,-1300.0,2600.0,True
GW240907_153833-v1,GW240907_153833,GWTC-5.0,1409758731.8,O4b,BBH,28.3,67.0,38.0,28.3,63.0,4500.0,0.71,0.04,0.99,8e-05,-5.0,6.5,-12.0,14.0,-2100.0,3100.0,True
GW240907_121650-v1,GW240907_121650,GWTC-5.0,1409746628.3,O4b,unknown,,,,,,,,,0.52,6.0,,,,,,,True
GW240907_092521-v1,GW240907_092521,GWTC-5.0,1409736339.4,O4b,unknown,,,,,,,,,0.72,4.0,,,,,,,True
GW240902_143306-v1,GW240902_143306,GWTC-5.0,1409322804.8,O4b,BBH,18.2,42.7,24.4,18.3,40.8,2900.0,0.49,-0.03,0.99,1e-05,-2.6,3.6,-5.8,8.2,-1300.0,1700.0,True
GW240901_195332-v1,GW240901_195332,GWTC-5.0,1409255630.2,O4b,unknown,,,,,,,,,0.62,7.799999999999999,,,,,,,True
GW240830_211120-v1,GW240830_211120,GWTC-5.0,1409087498.4,O4b,BBH,8.33,19.8,11.9,7.8,18.9,1140.0,0.22,0.07,0.99,1e-05,-0.54,0.66,-1.6,2.3,-490.0,500.0,True
GW240828_102340-v1,GW240828_102340,GWTC-5.0,1408875838.5,O4b,unknown,,,,,,,,,0.62,3.8000000000000003,,,,,,,True
GW240825_055146-v1,GW240825_055146,GWTC-5.0,1408600325.0,O4b,BBH,8.77,21.3,13.2,7.9,20.3,1250.0,0.24,0.07,0.99,2e-05,-0.61,0.77,-2.1,3.8,-550.0,530.0,True
GW240824_205609-v1,GW240824_205609,GWTC-5.0,1408568187.3,O4b,BBH,43.0,107.0,70.0,37.0,103.0,5300.0,0.81,0.08,0.96,0.25,-12.0,17.0,-27.0,37.0,-3000.0,5400.0,True
GW240814_145043-v1,GW240814_145043,GWTC-5.0,1407682261.9,O4b,unknown,,,,,,,,,0.74,2.1,,,,,,,True
GW240813_034548-v1,GW240813_034548,GWTC-5.0,1407555966.3,O4b,unknown,,,,,,,,,0.64,19.0,,,,,,,True
GW240807_214559-v1,GW240807_214559,GWTC-5.0,1407102377.2,O4b,unknown,,,,,,,,,0.66,17.0,,,,,,,True
GW240806_043539-v1,GW240806_043539,GWTC-5.0,1406954157.1,O4b,unknown,,,,,,,,,0.89,1.9000000000000001,,,,,,,True
GW240716_034900-v1,GW240716_034900,GWTC-5.0,1405136958.5,O4b,BBH,28.1,66.8,40.3,26.5,63.9,1860.0,0.34,-0.02,0.99,1e-05,-3.3,3.9,-7.8,8.8,-930.0,1390.0,True
GW240705_053215-v1,GW240705_053215,GWTC-5.0,1404192753.9,O4b,BBH,34.9,81.9,47.1,35.3,78.2,3700.0,0.61,-0.03,0.99,1e-05,-3.6,5.7,-8.1,12.8,-1600.0,1400.0,True
GW240703_191355-v1,GW240703_191355,GWTC-5.0,1404069253.3,O4b,BBH,26.2,61.2,34.4,26.4,58.3,1880.0,0.34,0.05,0.99,1e-05,-4.0,3.8,-9.3,8.6,-860.0,1540.0,True
GW240701_203807-v1,GW240701_203807,GWTC-5.0,1403901505.2,O4b,unknown,,,,,,,,,0.55,8.6,,,,,,,True
GW240701_013826-v1,GW240701_013826,GWTC-5.0,1403833124.0,O4b,unknown,,,,,,,,,0.64,2.5,,,,,,,True
GW240701_011640-v1,GW240701_011640,GWTC-5.0,1403831818.5,O4b,unknown,,,,,,,,,0.51,12.0,,,,,,,True
GW240630_212937-v1,GW240630_212937,GWTC-5.0,1403818195.4,O4b,unknown,,,,,,,,,0.75,4.9,,,,,,,True
GW240630_115348-v1,GW240630_115348,GWTC-5.0,1403783646.7,O4b,unknown,,,,,,,,,0.67,6.5,,,,,,,True
GW240630_101703-v1,GW240630_101703,GWTC-5.0,1403777841.4,O4b,BBH,21.4,50.2,28.6,21.6,48.0,3200.0,0.54,-0.04,0.99,1.4999999999999999e-05,-2.5,3.5,-5.8,8.0,-1400.0,1500.0,True
GW240629_145256-v1,GW240629_145256,GWTC-5.0,1403707994.8,O4b,BBH,8.01,18.9,11.1,7.8,18.1,1280.0,0.25,0.04,0.99,1e-05,-0.35,0.61,-1.1,1.8,-500.0,340.0,True
GW240627_131622-v1,GW240627_131622,GWTC-5.0,1403529400.2,O4b,BBH,8.08,20.1,13.2,6.7,19.3,1350.0,0.26,,0.99,0.087,-0.57,0.72,-2.2,3.8,-570.0,620.0,True
GW240625_073331-v1,GW240625_073331,GWTC-5.0,1403336029.0,O4b,unknown,,,,,,,,,0.64,2.5,,,,,,,True
GW240622_004008-v1,GW240622_004008,GWTC-5.0,1403052026.4,O4b,BBH,12.5,30.2,18.6,11.3,28.7,1470.0,0.28,0.25,0.99,1e-05,-0.91,0.98,-2.9,4.5,-530.0,600.0,True
GW240621_214041-v1,GW240621_214041,GWTC-5.0,1403041259.7,O4b,BBH,32.1,76.0,45.0,32.0,73.0,6800.0,1.0,,0.99,0.038,-6.7,10.3,-16.0,24.0,-3400.0,4800.0,True
GW240621_200935-v1,GW240621_200935,GWTC-5.0,1403035793.5,O4b,BBH,31.1,73.0,41.6,31.6,70.0,4800.0,0.75,-0.09,0.99,0.0012,-5.3,7.6,-12.0,17.0,-2400.0,3000.0,True
GW240621_195059-v1,GW240621_195059,GWTC-5.0,1403034677.4,O4b,BBH,28.4,66.0,36.8,29.7,62.9,1210.0,0.23,,0.99,1e-05,-1.4,2.2,-2.8,4.6,-430.0,260.0,True
GW240621_103457-v1,GW240621_103457,GWTC-5.0,1403001315.5,O4b,unknown,,,,,,,,,0.51,10.0,,,,,,,True
GW240620_094631-v1,GW240620_094631,GWTC-5.0,1402912009.7,O4b,unknown,,,,,,,,,0.68,2.1,,,,,,,True
GW240619_212357-v1,GW240619_212357,GWTC-5.0,1402867455.4,O4b,unknown,,,,,,,,,0.51,10.0,,,,,,,True
GW240619_044535-v1,GW240619_044535,GWTC-5.0,1402807553.5,O4b,unknown,,,,,,,,,0.75,5.1,,,,,,,True
GW240618_071627-v1,GW240618_071627,GWTC-5.0,1402730205.2,O4b,BBH,43.0,105.0,65.0,40.0,101.0,5500.0,0.84,,0.98,0.16,-10.0,13.0,-24.0,30.0,-2900.0,5100.0,True
GW240615_160735-v1,GW240615_160735,GWTC-5.0,1402502873.4,O4b,BBH,20.4,48.5,28.5,20.0,45.9,4000.0,0.65,0.28,0.99,2.7999999999999996e-05,-2.4,4.0,-5.9,8.5,-1900.0,1900.0,True
GW240615_113620-v1,GW240615_113620,GWTC-5.0,1402486598.7,O4b,BBH,25.9,60.4,34.0,26.4,57.8,1560.0,0.29,-0.07,0.99,1e-05,-1.2,1.7,-2.5,3.5,-450.0,290.0,True
GW240613_011503-v1,GW240613_011503,GWTC-5.0,1402276521.5,O4b,unknown,,,,,,,,,0.74,3.7000000000000006,,,,,,,True
GW240612_081540-v1,GW240612_081540,GWTC-5.0,1402215358.7,O4b,BBH,38.5,92.0,55.0,38.0,88.0,6200.0,0.93,0.07,0.92,0.56,-8.5,12.2,-18.0,27.0,-3100.0,4100.0,True
GW240611_214835-v1,GW240611_214835,GWTC-5.0,1402177733.7,O4b,unknown,,,,,,,,,0.61,1.7,,,,,,,True
GW240601_231004-v1,GW240601_231004,GWTC-5.0,1401318622.0,O4b,BBH,7.8,18.6,10.6,7.7,17.7,1270.0,0.25,0.09,0.99,2.6000000000000002e-05,-0.51,0.65,-1.5,2.4,-540.0,530.0,True
GW240601_061200-v1,GW240601_061200,GWTC-5.0,1401257538.3,O4b,BBH,35.3,85.0,52.0,32.0,82.0,5100.0,0.79,-0.08,0.99,0.082,-7.9,9.7,-20.0,23.0,-2600.0,4400.0,True
GW240531_075248-v1,GW240531_075248,GWTC-5.0,1401177186.5,O4b,BBH,23.4,55.6,33.0,22.6,53.1,4100.0,0.67,0.04,0.99,0.0039,-3.8,5.6,-9.1,13.0,-2200.0,2800.0,True
GW240531_040326-v1,GW240531_040326,GWTC-5.0,1401163424.6,O4b,BBH,14.4,34.0,19.5,14.3,32.3,3000.0,0.52,0.14,0.95,0.8700000000000001,-1.8,2.6,-4.3,6.4,-1500.0,1600.0,True
GW240530_012417-v1,GW240530_012417,GWTC-5.0,1401067476.0,O4b,BBH,9.26,22.6,14.1,8.3,21.6,1010.0,0.2,0.04,0.99,1e-05,-0.75,0.78,-2.4,5.4,-500.0,630.0,True
GW240527_230910-v1,GW240527_230910,GWTC-5.0,1400886568.4,O4b,BBH,14.07,37.5,27.6,10.0,36.4,1190.0,0.23,-0.03,0.99,1.3999999999999998e-05,-0.63,0.76,-5.1,7.0,-320.0,320.0,True
GW240527_183429-v1,GW240527_183429,GWTC-5.0,1400870087.1,O4b,BBH,34.5,84.0,52.0,33.0,80.0,6400.0,0.96,0.31,0.99,0.00017,-6.7,10.8,-13.0,22.0,-3100.0,3500.0,True
GW240527_150907-v1,GW240527_150907,GWTC-5.0,1400857765.4,O4b,unknown,,,,,,,,,0.81,2.2,,,,,,,True
GW240526_093944-v1,GW240526_093944,GWTC-5.0,1400751602.7,O4b,BBH,9.5,23.2,14.5,8.4,22.1,1940.0,0.35,0.22,0.97,0.14,-1.0,1.3,-3.2,4.3,-940.0,1100.0,True
GW240525_201644-v1,GW240525_201644,GWTC-5.0,1400703422.1,O4b,unknown,,,,,,,,,0.81,2.3,,,,,,,True
GW240525_031210-v1,GW240525_031210,GWTC-5.0,1400641948.6,O4b,BBH,22.1,52.8,31.1,21.4,50.2,4500.0,0.72,0.17,0.97,0.29,-3.8,5.2,-9.2,12.4,-2200.0,3000.0,True
GW240520_213616-v1,GW240520_213616,GWTC-5.0,1400276195.0,O4b,BBH,8.28,19.6,11.4,8.0,18.7,1400.0,0.27,,0.99,1e-05,-0.52,0.62,-1.4,2.1,-500.0,530.0,True
GW240519_012815-v1,GW240519_012815,GWTC-5.0,1400117314.0,O4b,BBH,43.1,104.0,65.0,39.0,100.0,1740.0,0.32,-0.04,0.99,0.014,-9.3,8.3,-19.0,18.0,-820.0,1830.0,True
GW240516_041939-v1,GW240516_041939,GWTC-5.0,1399868397.1,O4b,unknown,,,,,,,,,0.67,3.4,,,,,,,True
GW240515_005301-v1,GW240515_005301,GWTC-5.0,1399769599.1,O4b,BBH,22.4,56.3,37.1,18.5,53.2,3800.0,0.63,0.47,0.99,1e-05,-2.7,4.8,-8.1,10.9,-1900.0,1800.0,True
GW240514_121713-v1,GW240514_121713,GWTC-5.0,1399724251.7,O4b,BBH,35.4,82.7,46.8,36.7,78.9,2590.0,0.45,0.01,0.99,1e-05,-3.7,5.2,-6.8,11.2,-1040.0,820.0,True
GW240513_183302-v1,GW240513_183302,GWTC-5.0,1399660400.9,O4b,BBH,17.4,41.4,24.4,16.9,39.4,2250.0,0.4,0.14,0.99,1e-05,-1.1,1.8,-3.2,4.3,-800.0,690.0,True
GW240512_051606-v1,GW240512_051606,GWTC-5.0,1399526185.0,O4b,unknown,,,,,,,,,0.7,3.1,,,,,,,True
GW240512_024139-v1,GW240512_024139,GWTC-5.0,1399516917.1,O4b,BBH,8.62,20.7,12.6,8.0,19.7,1170.0,0.23,0.14,0.99,1e-05,-0.39,0.65,-1.5,2.8,-490.0,340.0,True
GW240511_031507-v1,GW240511_031507,GWTC-5.0,1399432526.0,O4b,BBH,31.1,72.6,40.5,32.2,69.1,1990.0,0.36,0.05,0.99,1e-05,-2.6,3.3,-5.8,7.4,-760.0,750.0,True
GW240509_102351-v1,GW240509_102351,GWTC-5.0,1399285449.9,O4b,unknown,,,,,,,,,0.89,2.0,,,,,,,True
GW240507_041632-v1,GW240507_041632,GWTC-5.0,1399090610.4,O4b,BBH,13.8,39.9,31.3,8.5,38.9,1450.0,0.28,0.01,0.99,0.00025,-1.4,1.9,-6.9,7.8,-500.0,900.0,True
GW240505_133552-v1,GW240505_133552,GWTC-5.0,1398951370.6,O4b,BBH,23.0,54.0,31.0,23.1,51.8,4700.0,0.74,-0.13,0.98,0.13,-3.4,5.3,-7.7,11.9,-2100.0,2600.0,True
GW240501_033534-v1,GW240501_033534,GWTC-5.0,1398569752.9,O4b,BBH,28.0,66.0,38.6,27.7,63.1,4700.0,0.74,0.04,0.99,1e-05,-4.4,6.4,-10.0,14.0,-2200.0,2700.0,True
GW240430_093517-v1,GW240430_093517,GWTC-5.0,1398504935.4,O4b,unknown,,,,,,,,,0.88,1.3,,,,,,,True
GW240428_225440-v1,GW240428_225440,GWTC-5.0,1398380098.1,O4b,BBH,14.72,34.6,19.8,14.7,33.0,840.0,0.17,0.03,0.99,1e-05,-0.48,0.72,-1.5,2.3,-280.0,200.0,True
GW240426_085802-v1,GW240426_085802,GWTC-5.0,1398157100.9,O4b,unknown,,,,,,,,,0.63,4.2,,,,,,,True
GW240426_031451-v1,GW240426_031451,GWTC-5.0,1398136510.0,O4b,BBH,37.1,88.0,52.0,36.0,84.0,4000.0,0.65,-0.05,0.99,3.8e-05,-6.3,8.2,-13.0,18.0,-2000.0,2600.0,True
GW240421_052935-v1,GW240421_052935,GWTC-5.0,1397712593.7,O4b,unknown,,,,,,,,,0.77,2.7,,,,,,,True
GW240420_175625-v1,GW240420_175625,GWTC-5.0,1397671003.5,O4b,BBH,24.7,58.6,34.6,23.8,56.0,2000.0,0.37,,0.98,0.078,-3.8,4.6,-8.7,10.3,-1100.0,1600.0,True
GW240419_041206-v1,GW240419_041206,GWTC-5.0,1397535144.5,O4b,unknown,,,,,,,,,0.71,3.4,,,,,,,True
GW240414_054515-v1,GW240414_054515,GWTC-5.0,1397108733.2,O4b,BBH,27.1,65.0,38.8,25.9,62.2,1530.0,0.29,0.03,0.99,5.3e-05,-2.8,3.6,-6.3,8.4,-580.0,680.0,True
GW240413_022019-v1,GW240413_022019,GWTC-5.0,1397010037.8,O4b,BBH,5.74,13.56,7.9,5.57,12.92,570.0,0.12,0.07,0.99,1e-05,-0.11,0.23,-0.52,1.41,-220.0,110.0,True
GW240411_074140-v1,GW240411_074140,GWTC-5.0,1396856518.6,O4b,unknown,,,,,,,,,0.68,3.4,,,,,,,True
GW240408_081753-v1,GW240408_081753,GWTC-5.0,1396599491.7,other,unknown,,,,,,,,,0.61,4.4,,,,,,,True
GW240407_214946-v1,GW240407_214946,GWTC-5.0,1396561804.2,other,unknown,,,,,,,,,0.79,4.2,,,,,,,True
GW240407_061416-v1,GW240407_061416,GWTC-5.0,1396505674.0,other,unknown,,,,,,,,,0.78,2.7,,,,,,,True
GW240407_040938-v1,GW240407_040938,GWTC-5.0,1396498196.4,other,unknown,,,,,,,,,0.91,1.7999999999999998,,,,,,,True
GW240406_062847-v1,GW240406_062847,GWTC-5.0,1396420145.9,other,unknown,,,,,,,,,0.99,1e-05,,,,,,,True
GW240109_050431-v1,GW240109_050431,GWTC-4.0,1388811889.8,O4a,BBH,19.7,47.1,28.7,18.1,45.2,1500.0,0.28,-0.07,0.99,0.00022999999999999998,-2.2,2.7,-5.8,6.7,-770.0,1020.0,False
GW240109_050431-v2,GW240109_050431,GWTC-4.1,1388811889.8,O4a,BBH,19.7,47.1,28.7,18.1,45.2,1500.0,0.28,-0.07,0.99,0.00022,-2.2,2.7,-5.8,6.7,-770.0,1020.0,True
GW240107_013215-v1,GW240107_013215,GWTC-4.0,1388626353.7,O4a,BBH,36.7,92.0,59.0,33.0,87.0,5800.0,0.88,0.32,0.99,0.028,-9.9,14.3,-20.0,30.0,-3300.0,4900.0,False
GW240107_013215-v2,GW240107_013215,GWTC-4.1,1388626353.7,O4a,BBH,36.7,92.0,59.0,33.0,87.0,5800.0,0.88,0.32,0.99,0.0094,-9.9,14.3,-20.0,30.0,-3300.0,4900.0,True
GW240105_151143-v1,GW240105_151143,GWTC-4.0,1388502721.2,O4a,unknown,,,,,,,,,0.7,3.3,,,,,,,False
GW240105_151143-v2,GW240105_151143,GWTC-4.1,1388502721.2,O4a,unknown,,,,,,,,,0.74,3.3,,,,,,,True
GW240104_164932-v1,GW240104_164932,GWTC-4.0,1388422190.6,O4a,BBH,31.8,74.3,42.3,32.2,70.7,1910.0,0.35,0.09,0.99,1e-05,-4.0,5.1,-8.5,11.4,-970.0,1120.0,False
GW240104_164932-v2,GW240104_164932,GWTC-4.1,1388422190.6,O4a,BBH,31.8,74.3,42.3,32.2,70.7,1910.0,0.35,0.09,0.99,1e-05,-4.0,5.1,-8.5,11.4,-970.0,1120.0,True
GW231231_154016-v1,GW231231_154016,GWTC-4.0,1388072434.7,O4a,BBH,17.1,39.9,22.5,17.2,38.1,1070.0,0.21,-0.03,0.99,1e-05,-1.3,1.6,-3.4,4.1,-530.0,590.0,False
GW231231_154016-v2,GW231231_154016,GWTC-4.1,1388072434.7,O4a,BBH,17.1,39.9,22.5,17.2,38.1,1070.0,0.21,-0.03,0.99,1e-05,-1.3,1.6,-3.4,4.1,-530.0,590.0,True
GW231231_120147-v1,GW231231_120147,GWTC-4.0,1388059325.6,O4a,unknown,,,,,,,,,0.86,4.5,,,,,,,False
GW231231_120147-v2,GW231231_120147,GWTC-4.1,1388059325.6,O4a,unknown,,,,,,,,,0.86,2.0,,,,,,,True
GW231230_170116-v1,GW231230_170116,GWTC-4.0,1387990895.0,O4a,BBH,37.0,89.0,53.0,35.0,86.0,5700.0,0.87,-0.18,0.96,0.42,-8.3,14.9,-20.0,52.0,-3200.0,4800.0,False
GW231230_170116-v2,GW231230_170116,GWTC-4.1,1387990895.0,O4a,BBH,37.0,89.0,53.0,35.0,86.0,5700.0,0.87,-0.18,0.96,0.42,-8.3,14.9,-20.0,52.0,-3200.0,4800.0,True
GW231226_101520-v1,GW231226_101520,GWTC-4.0,1387620938.3,O4a,BBH,32.5,75.0,40.2,35.1,71.6,1180.0,0.23,-0.08,0.99,1e-05,-1.5,1.8,-3.1,3.9,-360.0,240.0,False
GW231226_101520-v2,GW231226_101520,GWTC-4.1,1387620938.3,O4a,BBH,32.5,75.0,40.2,35.1,71.6,1180.0,0.23,-0.08,0.99,1e-05,-1.5,1.8,-3.1,3.9,-360.0,240.0,True
GW231224_024321-v1,GW231224_024321,GWTC-4.0,1387421020.0,O4a,BBH,7.13,16.66,9.3,7.31,15.89,950.0,0.19,-0.01,0.99,1e-05,-0.29,0.48,-0.79,1.26,-400.0,280.0,False
GW231224_024321-v2,GW231224_024321,GWTC-4.1,1387421020.0,O4a,BBH,7.13,16.66,9.3,7.31,15.89,950.0,0.19,-0.01,0.99,1e-05,-0.29,0.48,-0.79,1.26,-400.0,280.0,True
GW231223_202619-v1,GW231223_202619,GWTC-4.0,1387398397.0,O4a,BBH,8.35,19.6,11.1,8.3,18.7,890.0,0.18,0.1,0.99,0.002,-0.57,0.66,-1.5,2.2,-440.0,480.0,False
GW231223_202619-v2,GW231223_202619,GWTC-4.1,1387398397.0,O4a,BBH,8.35,19.6,11.1,8.3,18.7,890.0,0.18,0.1,0.99,0.002,-0.57,0.66,-1.5,2.2,-440.0,480.0,True
GW231223_075055-v1,GW231223_075055,GWTC-4.0,1387353073.3,O4a,BBH,7.8,19.0,11.9,6.8,18.1,970.0,0.19,0.07,0.98,0.55,-0.6,0.57,-2.0,4.8,-430.0,580.0,False
GW231223_075055-v2,GW231223_075055,GWTC-4.1,1387353073.3,O4a,BBH,7.8,19.0,11.9,6.8,18.1,970.0,0.19,0.07,0.98,0.23,-0.6,0.57,-2.0,4.8,-430.0,580.0,True
GW231223_032836-v1,GW231223_032836,GWTC-4.0,1387337334.1,O4a,BBH,31.9,76.0,46.0,31.0,73.0,4200.0,0.67,-0.16,0.99,0.00038,-7.0,8.5,-13.0,18.0,-2200.0,3100.0,False
GW231223_032836-v2,GW231223_032836,GWTC-4.1,1387337334.1,O4a,BBH,31.9,76.0,46.0,31.0,73.0,4200.0,0.67,-0.16,0.99,0.00035999999999999997,-7.0,8.5,-13.0,18.0,-2200.0,3100.0,True
GW231221_135041-v1,GW231221_135041,GWTC-4.0,1387201859.3,O4a,BBH,31.0,76.0,47.0,29.0,73.0,4600.0,0.72,0.01,0.96,0.54,-6.8,9.6,-16.0,22.0,-2500.0,3800.0,False
GW231221_135041-v2,GW231221_135041,GWTC-4.1,1387201859.3,O4a,BBH,31.0,76.0,47.0,29.0,73.0,4600.0,0.72,0.01,0.96,0.54,-6.8,9.6,-16.0,22.0,-2500.0,3800.0,True
GW231220_173406-v1,GW231220_173406,GWTC-4.0,1387128864.2,O4a,unknown,,,,,,,,,0.77,6.2,,,,,,,False
GW231220_173406-v2,GW231220_173406,GWTC-4.1,1387128864.2,O4a,unknown,,,,,,,,,0.83,3.0,,,,,,,True
GW231213_111417-v1,GW231213_111417,GWTC-4.0,1386501275.9,O4a,BBH,26.7,62.6,35.6,27.2,59.6,4000.0,0.65,0.06,0.99,1e-05,-4.2,6.2,-9.4,14.2,-2000.0,2300.0,False
GW231213_111417-v2,GW231213_111417,GWTC-4.1,1386501275.9,O4a,BBH,26.7,62.6,35.6,27.2,59.6,4000.0,0.65,0.06,0.99,1e-05,-4.2,6.2,-9.4,14.2,-2000.0,2300.0,True
GW231206_233901-v1,GW231206_233901,GWTC-4.0,1385941159.5,O4a,BBH,28.2,66.0,37.6,28.5,63.1,1490.0,0.28,-0.05,0.99,1e-05,-1.8,2.7,-3.7,5.3,-500.0,340.0,False
GW231206_233901-v2,GW231206_233901,GWTC-4.1,1385941159.5,O4a,BBH,28.2,66.0,37.6,28.5,63.1,1490.0,0.28,-0.05,0.99,1e-05,-1.8,2.7,-3.7,5.3,-500.0,340.0,True
GW231206_233134-v1,GW231206_233134,GWTC-4.0,1385940712.5,O4a,BBH,27.2,63.5,35.6,28.2,60.6,3200.0,0.54,-0.08,0.99,1e-05,-3.9,6.1,-8.8,13.7,-1800.0,1800.0,False
GW231206_233134-v2,GW231206_233134,GWTC-4.1,1385940712.5,O4a,BBH,27.2,63.5,35.6,28.2,60.6,3200.0,0.54,-0.08,0.99,1e-05,-3.9,6.1,-8.8,13.7,-1800.0,1800.0,True
GW231206_010629-v1,GW231206_010629,GWTC-4.0,1385860007.2,O4a,unknown,,,,,,,,,0.58,6.8999999999999995,,,,,,,False
GW231206_010629-v2,GW231206_010629,GWTC-4.1,1385860007.2,O4a,unknown,,,,,,,,,0.58,6.8999999999999995,,,,,,,True
GW231204_090648-v1,GW231204_090648,GWTC-4.0,1385716026.9,O4a,unknown,,,,,,,,,0.54,3.5999999999999996,,,,,,,False
GW231204_090648-v2,GW231204_090648,GWTC-4.1,1385716026.9,O4a,unknown,,,,,,,,,0.78,3.5,,,,,,,True
GW231129_081745-v1,GW231129_081745,GWTC-4.0,1385281083.6,O4a,BBH,27.8,69.0,45.0,23.8,66.0,3800.0,0.62,0.03,0.99,0.056,-5.7,7.7,-14.0,17.0,-2100.0,3600.0,False
GW231129_081745-v2,GW231129_081745,GWTC-4.1,1385281083.6,O4a,BBH,27.8,69.0,45.0,23.8,66.0,3800.0,0.62,0.03,0.99,0.056,-5.7,7.7,-14.0,17.0,-2100.0,3600.0,True
GW231127_165300-v1,GW231127_165300,GWTC-4.0,1385139198.9,O4a,BBH,30.4,74.0,45.0,28.0,71.0,4500.0,0.71,0.05,0.99,0.01,-6.7,9.7,-15.0,22.0,-2500.0,3600.0,False
GW231127_165300-v2,GW231127_165300,GWTC-4.1,1385139198.9,O4a,BBH,30.4,74.0,45.0,28.0,71.0,4500.0,0.71,0.05,0.99,0.01,-6.7,9.7,-15.0,22.0,-2500.0,3600.0,True
GW231127_061546-v1,GW231127_061546,GWTC-4.1,1385100964.5,O4a,unknown,,,,,,,,,0.55,11.0,,,,,,,True
GW231126_010928-v1,GW231126_010928,GWTC-4.0,1384996186.3,O4a,unknown,,,,,,,,,0.86,4.2,,,,,,,False
GW231126_010928-v2,GW231126_010928,GWTC-4.1,1384996186.3,O4a,unknown,,,,,,,,,0.86,2.1,,,,,,,True
GW231123_135430-v1,GW231123_135430,O4_Discovery_Papers,1384782888.6,O4a,BBH,102.16679582167775,236.0,137.0,101.0,222.0,2200.0,0.4,0.32,,0.0001,,,-47.0,30.0,-1500.0,1900.0,False
GW231123_135430-v2,GW231123_135430,GWTC-4.0,1384782888.7,O4a,BBH,101.0,236.0,137.0,101.0,222.0,2200.0,0.4,0.32,0.99,1e-05,-30.0,13.0,-47.0,30.0,-1500.0,1900.0,False
GW231123_135430-v3,GW231123_135430,GWTC-4.1,1384782888.7,O4a,BBH,101.0,236.0,137.0,101.0,222.0,2200.0,0.4,0.32,0.99,1e-05,-30.0,13.0,-47.0,30.0,-1500.0,1900.0,True
GW231120_022103-v1,GW231120_022103,GWTC-4.0,1384482081.0,O4a,unknown,,,,,,,,,0.9,3.8000000000000003,,,,,,,False
GW231120_022103-v2,GW231120_022103,GWTC-4.1,1384482081.0,O4a,unknown,,,,,,,,,0.9,1.6,,,,,,,True
GW231119_075248-v1,GW231119_075248,GWTC-4.0,1384415586.1,O4a,BBH,34.5,82.0,49.0,33.0,79.0,6700.0,0.99,,0.99,0.019,-7.9,12.4,-18.0,29.0,-3700.0,5300.0,False
GW231119_075248-v2,GW231119_075248,GWTC-4.1,1384415586.1,O4a,BBH,34.5,82.0,49.0,33.0,79.0,6700.0,0.99,,0.99,0.0029,-7.9,12.4,-18.0,29.0,-3700.0,5300.0,True
GW231118_090602-v1,GW231118_090602,GWTC-4.0,1384333580.0,O4a,BBH,8.36,20.6,12.9,7.4,19.6,1360.0,0.26,0.08,0.99,1e-05,-0.56,0.79,-2.2,9.1,-620.0,550.0,False
GW231118_090602-v2,GW231118_090602,GWTC-4.1,1384333580.0,O4a,BBH,8.36,20.6,12.9,7.4,19.6,1360.0,0.26,0.08,0.99,1e-05,-0.56,0.79,-2.2,9.1,-620.0,550.0,True
GW231118_071402-v1,GW231118_071402,GWTC-4.0,1384326860.2,O4a,BBH,30.3,72.0,43.0,29.0,69.0,4300.0,0.69,0.12,0.99,0.0028,-6.1,8.0,-14.0,18.0,-2300.0,3600.0,False
GW231118_071402-v2,GW231118_071402,GWTC-4.1,1384326860.2,O4a,BBH,30.3,72.0,43.0,29.0,69.0,4300.0,0.69,0.12,0.99,0.00022,-6.1,8.0,-14.0,18.0,-2300.0,3600.0,True
GW231118_005626-v1,GW231118_005626,GWTC-4.0,1384304204.8,O4a,BBH,12.6,31.0,20.0,10.8,29.4,2190.0,0.39,0.38,0.99,1e-05,-1.1,1.6,-3.7,5.9,-970.0,930.0,False
GW231118_005626-v2,GW231118_005626,GWTC-4.1,1384304204.8,O4a,BBH,12.6,31.0,20.0,10.8,29.4,2190.0,0.39,0.38,0.99,1e-05,-1.1,1.6,-3.7,5.9,-970.0,930.0,True
GW231114_043211-v1,GW231114_043211,GWTC-4.0,1383971549.2,O4a,BBH,11.6,31.1,22.8,8.2,30.1,1390.0,0.26,0.08,0.99,0.00013,-1.1,1.1,-4.8,7.3,-620.0,860.0,False
GW231114_043211-v2,GW231114_043211,GWTC-4.1,1383971549.2,O4a,BBH,11.6,31.1,22.8,8.2,30.1,1390.0,0.26,0.08,0.99,0.00011999999999999999,-1.1,1.1,-4.8,7.3,-620.0,860.0,True
GW231113_200417-v1,GW231113_200417,GWTC-4.0,1383941075.9,O4a,BBH,8.0,19.2,11.6,7.4,18.3,1160.0,0.23,0.13,0.99,3.8e-05,-0.64,0.68,-1.9,3.2,-530.0,640.0,False
GW231113_200417-v2,GW231113_200417,GWTC-4.1,1383941075.9,O4a,BBH,8.0,19.2,11.6,7.4,18.3,1160.0,0.23,0.13,0.99,2.7e-05,-0.64,0.68,-1.9,3.2,-530.0,640.0,True
GW231113_150041-v1,GW231113_150041,GWTC-4.0,1383922859.4,O4a,unknown,,,,,,,,,0.96,1.7999999999999998,,,,,,,False
GW231113_150041-v2,GW231113_150041,GWTC-4.1,1383922859.4,O4a,BBH,34.0,85.0,56.0,29.0,82.0,5200.0,0.8,0.04,0.97,0.5,-11.0,18.0,-26.0,46.0,-2800.0,5100.0,True
GW231113_122623-v1,GW231113_122623,GWTC-4.0,1383913601.9,O4a,BBH,27.9,67.0,39.8,26.4,63.0,3400.0,0.56,0.33,0.99,0.28,-5.5,6.3,-13.0,16.0,-1700.0,2400.0,False
GW231113_122623-v2,GW231113_122623,GWTC-4.1,1383913601.9,O4a,BBH,27.9,67.0,39.8,26.4,63.0,3400.0,0.56,0.33,0.99,0.063,-5.5,6.3,-13.0,16.0,-1700.0,2400.0,True
GW231113_112825-v1,GW231113_112825,GWTC-4.1,1383910123.5,O4a,unknown,,,,,,,,,0.51,14.0,,,,,,,True
GW231113_062050-v1,GW231113_062050,GWTC-4.1,1383891668.9,O4a,unknown,,,,,,,,,0.71,5.4,,,,,,,True
GW231110_040320-v1,GW231110_040320,GWTC-4.0,1383624218.2,O4a,BBH,13.4,32.2,19.4,12.6,30.6,1890.0,0.35,0.17,0.99,1e-05,-1.1,1.7,-3.3,4.3,-910.0,850.0,False
GW231110_040320-v2,GW231110_040320,GWTC-4.1,1383624218.2,O4a,BBH,13.4,32.2,19.4,12.6,30.6,1890.0,0.35,0.17,0.99,1e-05,-1.1,1.7,-3.3,4.3,-910.0,850.0,True
GW231108_125142-v1,GW231108_125142,GWTC-4.0,1383483120.5,O4a,BBH,17.3,40.6,23.2,17.4,38.9,2050.0,0.37,-0.08,0.99,1e-05,-1.3,2.1,-3.3,5.1,-890.0,750.0,False
GW231108_125142-v2,GW231108_125142,GWTC-4.1,1383483120.5,O4a,BBH,17.3,40.6,23.2,17.4,38.9,2050.0,0.37,-0.08,0.99,1e-05,-1.3,2.1,-3.3,5.1,-890.0,750.0,True
GW231104_133418-v1,GW231104_133418,GWTC-4.0,1383140076.9,O4a,BBH,8.84,21.0,12.2,8.6,20.0,1470.0,0.28,0.14,0.99,1e-05,-0.56,0.87,-1.7,2.7,-660.0,540.0,False
GW231104_133418-v2,GW231104_133418,GWTC-4.1,1383140076.9,O4a,BBH,8.84,21.0,12.2,8.6,20.0,1470.0,0.28,0.14,0.99,1e-05,-0.56,0.87,-1.7,2.7,-660.0,540.0,True
GW231102_232433-v1,GW231102_232433,GWTC-4.0,1383002691.5,O4a,unknown,,,,,,,,,0.8,2.5,,,,,,,False
GW231102_232433-v2,GW231102_232433,GWTC-4.1,1383002691.5,O4a,unknown,,,,,,,,,0.8,2.5,,,,,,,True
GW231102_071736-v1,GW231102_071736,GWTC-4.0,1382944674.4,O4a,BBH,43.3,102.0,61.0,42.0,98.0,3800.0,0.63,0.06,0.99,1e-05,-6.3,9.5,-13.0,21.0,-1800.0,2100.0,False
GW231102_071736-v2,GW231102_071736,GWTC-4.1,1382944674.4,O4a,BBH,43.3,102.0,61.0,42.0,98.0,3800.0,0.63,0.06,0.99,1e-05,-6.3,9.5,-13.0,21.0,-1800.0,2100.0,True
GW231102_052214-v1,GW231102_052214,GWTC-4.0,1382937752.4,O4a,unknown,,,,,,,,,0.72,4.0,,,,,,,False
GW231102_052214-v2,GW231102_052214,GWTC-4.1,1382937752.4,O4a,unknown,,,,,,,,,0.72,4.0,,,,,,,True
GW231029_111508-v1,GW231029_111508,GWTC-4.0,1382613326.8,O4a,BBH,44.4,106.0,65.0,42.0,101.0,3100.0,0.53,0.14,0.99,5.2000000000000004e-05,-8.0,10.4,-16.0,22.0,-1700.0,2400.0,False
GW231029_111508-v2,GW231029_111508,GWTC-4.1,1382613326.8,O4a,BBH,44.4,106.0,65.0,42.0,101.0,3100.0,0.53,0.14,0.99,5.1e-05,-8.0,10.4,-16.0,22.0,-1700.0,2400.0,True
GW231028_153006-v1,GW231028_153006,GWTC-4.0,1382542224.3,O4a,BBH,63.0,153.0,94.0,59.0,144.0,4200.0,0.68,0.45,0.99,1e-05,-9.7,13.1,-14.0,29.0,-1900.0,1300.0,False
GW231028_153006-v2,GW231028_153006,GWTC-4.1,1382542224.3,O4a,BBH,63.0,153.0,94.0,59.0,144.0,4200.0,0.68,0.45,0.99,1e-05,-9.7,13.1,-14.0,29.0,-1900.0,1300.0,True
GW231026_130704-v1,GW231026_130704,GWTC-4.0,1382360842.2,O4a,unknown,,,,,,,,,0.93,1.7,,,,,,,False
GW231026_130704-v2,GW231026_130704,GWTC-4.1,1382360842.2,O4a,BBH,22.8,55.0,34.0,20.8,53.0,4400.0,0.71,0.03,0.95,0.7599999999999999,-5.7,10.3,-14.0,29.0,-2400.0,4000.0,True
GW231025_142306-v1,GW231025_142306,GWTC-4.1,1382279004.1,O4a,unknown,,,,,,,,,0.71,5.3,,,,,,,True
GW231024_023603-v1,GW231024_023603,GWTC-4.1,1382150181.2,O4a,unknown,,,,,,,,,0.51,14.0,,,,,,,True
GW231020_142947-v1,GW231020_142947,GWTC-4.0,1381847405.6,O4a,BBH,8.07,19.8,12.0,7.4,18.8,1230.0,0.24,0.14,0.99,1e-05,-0.52,0.83,-2.1,5.4,-640.0,510.0,False
GW231020_142947-v2,GW231020_142947,GWTC-4.1,1381847405.6,O4a,BBH,8.07,19.8,12.0,7.4,18.8,1230.0,0.24,0.14,0.99,1e-05,-0.52,0.83,-2.1,5.4,-640.0,510.0,True
GW231018_233037-v1,GW231018_233037,GWTC-4.0,1381707055.0,O4a,BBH,7.9,19.0,11.6,7.3,18.2,1540.0,0.29,0.01,0.93,0.68,-0.67,0.89,-2.0,3.4,-740.0,740.0,False
GW231018_233037-v2,GW231018_233037,GWTC-4.1,1381707055.0,O4a,BBH,7.9,19.0,11.6,7.3,18.2,1540.0,0.29,0.01,0.93,0.68,-0.67,0.89,-2.0,3.4,-740.0,740.0,True
GW231014_040532-v1,GW231014_040532,GWTC-4.0,1381291551.0,O4a,BBH,15.0,35.6,20.6,14.7,33.8,2300.0,0.42,0.18,0.96,0.21,-1.9,2.6,-4.7,6.8,-1200.0,1400.0,False
GW231014_040532-v2,GW231014_040532,GWTC-4.1,1381291551.0,O4a,BBH,15.0,35.6,20.6,14.7,33.8,2300.0,0.42,0.18,0.98,0.21,-1.9,2.6,-4.7,6.8,-1200.0,1400.0,True
GW231013_135504-v1,GW231013_135504,GWTC-4.0,1381240522.4,O4a,unknown,,,,,,,,,0.54,64.0,,,,,,,False
GW231013_135504-v2,GW231013_135504,GWTC-4.1,1381240522.4,O4a,unknown,,,,,,,,,0.53,15.0,,,,,,,True
GW231008_142521-v1,GW231008_142521,GWTC-4.0,1380810339.8,O4a,BBH,29.0,71.0,45.0,25.6,69.0,3000.0,0.51,-0.01,0.99,0.0016,-5.7,6.9,-13.0,16.0,-1300.0,2500.0,False
GW231008_142521-v2,GW231008_142521,GWTC-4.1,1380810339.8,O4a,BBH,29.0,71.0,45.0,25.6,69.0,3000.0,0.51,-0.01,0.99,0.0015,-5.7,6.9,-13.0,16.0,-1300.0,2500.0,True
GW231007_134720-v1,GW231007_134720,GWTC-4.1,1380721658.8,O4a,unknown,,,,,,,,,0.63,8.3,,,,,,,True
GW231005_144455-v1,GW231005_144455,GWTC-4.0,1380552313.4,O4a,unknown,,,,,,,,,0.55,60.0,,,,,,,False
GW231005_144455-v2,GW231005_144455,GWTC-4.1,1380552313.4,O4a,unknown,,,,,,,,,0.52,14.0,,,,,,,True
GW231005_091549-v1,GW231005_091549,GWTC-4.0,1380532567.5,O4a,BBH,21.3,50.2,28.8,21.2,48.0,3800.0,0.62,-0.03,0.99,0.04,-3.5,4.8,-8.3,11.3,-1900.0,2500.0,False
GW231005_091549-v2,GW231005_091549,GWTC-4.1,1380532567.5,O4a,BBH,21.3,50.2,28.8,21.2,48.0,3800.0,0.62,-0.03,0.99,0.04,-3.5,4.8,-8.3,11.3,-1900.0,2500.0,True
GW231005_021030-v1,GW231005_021030,GWTC-4.0,1380507049.0,O4a,BBH,54.0,133.0,84.0,50.0,127.0,6300.0,0.93,0.1,0.99,0.01,-11.0,17.0,-25.0,38.0,-3200.0,4600.0,False
GW231005_021030-v2,GW231005_021030,GWTC-4.1,1380507049.0,O4a,BBH,54.0,133.0,84.0,50.0,127.0,6300.0,0.93,0.1,0.99,0.01,-11.0,17.0,-25.0,38.0,-3200.0,4600.0,True
GW231004_232346-v1,GW231004_232346,GWTC-4.0,1380497044.3,O4a,BBH,40.0,99.0,64.0,35.0,96.0,4400.0,0.7,-0.04,0.97,0.16,-8.6,11.5,-19.0,27.0,-2300.0,3700.0,False
GW231004_232346-v2,GW231004_232346,GWTC-4.1,1380497044.3,O4a,BBH,40.0,99.0,64.0,35.0,96.0,4400.0,0.7,-0.04,0.97,0.16,-8.6,11.5,-19.0,27.0,-2300.0,3700.0,True
GW231002_143916-v1,GW231002_143916,GWTC-4.0,1380292774.7,O4a,unknown,,,,,,,,,0.9,1.0,,,,,,,False
GW231002_143916-v2,GW231002_143916,GWTC-4.1,1380292774.7,O4a,unknown,,,,,,,,,0.9,1.0,,,,,,,True
GW231001_140220-v1,GW231001_140220,GWTC-4.0,1380204158.7,O4a,BBH,46.6,116.0,76.0,41.0,111.0,4400.0,0.7,-0.04,0.99,1.6e-05,-9.9,13.8,-23.0,31.0,-2400.0,3900.0,False
GW231001_140220-v2,GW231001_140220,GWTC-4.1,1380204158.7,O4a,BBH,46.6,116.0,76.0,41.0,111.0,4400.0,0.7,-0.04,0.99,1.4999999999999999e-05,-9.9,13.8,-23.0,31.0,-2400.0,3900.0,True
GW230930_110730-v1,GW230930_110730,GWTC-4.0,1380107268.4,O4a,BBH,24.8,59.0,34.5,24.4,56.3,4900.0,0.76,0.02,0.99,0.17,-4.1,6.5,-10.0,15.0,-2500.0,3200.0,False
GW230930_110730-v2,GW230930_110730,GWTC-4.1,1380107268.4,O4a,BBH,24.8,59.0,34.5,24.4,56.3,4900.0,0.76,0.02,0.99,0.09499999999999999,-4.1,6.5,-10.0,15.0,-2500.0,3200.0,True
GW230928_215827-v1,GW230928_215827,GWTC-4.0,1379973525.1,O4a,BBH,33.6,83.0,54.0,29.0,79.0,4900.0,0.77,0.4,0.99,1.4999999999999999e-05,-7.4,9.9,-18.0,22.0,-2500.0,4000.0,False
GW230928_215827-v2,GW230928_215827,GWTC-4.1,1379973525.1,O4a,BBH,33.6,83.0,54.0,29.0,79.0,4900.0,0.77,0.4,0.99,1.3999999999999998e-05,-7.4,9.9,-18.0,22.0,-2500.0,4000.0,True
GW230927_153832-v1,GW230927_153832,GWTC-4.0,1379864330.9,O4a,BBH,16.37,38.3,21.7,16.6,36.5,1190.0,0.23,0.03,0.99,1e-05,-0.8,1.43,-2.1,3.3,-540.0,370.0,False
GW230927_153832-v2,GW230927_153832,GWTC-4.1,1379864330.9,O4a,BBH,16.37,38.3,21.7,16.6,36.5,1190.0,0.23,0.03,0.99,1e-05,-0.8,1.43,-2.1,3.3,-540.0,370.0,True
GW230927_043729-v1,GW230927_043729,GWTC-4.0,1379824667.1,O4a,BBH,26.5,61.9,35.0,27.1,59.0,3200.0,0.55,0.01,0.99,1e-05,-3.5,5.6,-8.2,12.6,-1700.0,1800.0,False
GW230927_043729-v2,GW230927_043729,GWTC-4.1,1379824667.1,O4a,BBH,26.5,61.9,35.0,27.1,59.0,3200.0,0.55,0.01,0.99,1e-05,-3.5,5.6,-8.2,12.6,-1700.0,1800.0,True
GW230925_143957-v1,GW230925_143957,GWTC-4.0,1379688015.5,O4a,unknown,,,,,,,,,0.55,8.2,,,,,,,False
GW230925_143957-v2,GW230925_143957,GWTC-4.1,1379688015.5,O4a,unknown,,,,,,,,,0.55,8.2,,,,,,,True
GW230924_124453-v1,GW230924_124453,GWTC-4.0,1379594711.8,O4a,BBH,22.3,51.8,28.8,23.2,49.4,2400.0,0.42,0.02,0.99,1e-05,-2.1,3.1,-4.9,7.1,-1000.0,1000.0,False
GW230924_124453-v2,GW230924_124453,GWTC-4.1,1379594711.8,O4a,BBH,22.3,51.8,28.8,23.2,49.4,2400.0,0.42,0.02,0.99,1e-05,-2.1,3.1,-4.9,7.1,-1000.0,1000.0,True
GW230922_040658-v1,GW230922_040658,GWTC-4.0,1379390836.1,O4a,BBH,52.0,125.0,76.0,51.0,119.0,6500.0,0.96,0.31,0.99,1e-05,-11.0,17.0,-21.0,37.0,-3500.0,4100.0,False
GW230922_040658-v2,GW230922_040658,GWTC-4.1,1379390836.1,O4a,BBH,52.0,125.0,76.0,51.0,119.0,6500.0,0.96,0.31,0.99,1e-05,-11.0,17.0,-21.0,37.0,-3500.0,4100.0,True
GW230922_020344-v1,GW230922_020344,GWTC-4.0,1379383442.9,O4a,BBH,29.2,68.7,39.3,29.2,65.4,1640.0,0.31,0.03,0.99,1e-05,-2.7,3.7,-6.6,9.1,-740.0,730.0,False
GW230922_020344-v2,GW230922_020344,GWTC-4.1,1379383442.9,O4a,BBH,29.2,68.7,39.3,29.2,65.4,1640.0,0.31,0.03,0.99,1e-05,-2.7,3.7,-6.6,9.1,-740.0,730.0,True
GW230920_071124-v1,GW230920_071124,GWTC-4.0,1379229102.7,O4a,BBH,23.9,56.4,32.4,23.8,53.8,2900.0,0.49,,0.99,1e-05,-3.5,4.6,-8.0,10.3,-1400.0,1800.0,False
GW230920_071124-v2,GW230920_071124,GWTC-4.1,1379229102.7,O4a,BBH,23.9,56.4,32.4,23.8,53.8,2900.0,0.49,,0.99,1e-05,-3.5,4.6,-8.0,10.3,-1400.0,1800.0,True
GW230920_064709-v1,GW230920_064709,GWTC-4.0,1379227647.3,O4a,unknown,,,,,,,,,0.81,4.8,,,,,,,False
GW230920_064709-v2,GW230920_064709,GWTC-4.1,1379227647.3,O4a,unknown,,,,,,,,,0.79,3.2,,,,,,,True
GW230919_215712-v1,GW230919_215712,GWTC-4.0,1379195850.0,O4a,BBH,21.0,49.1,27.3,21.4,46.5,1330.0,0.25,0.18,0.99,1e-05,-2.0,1.9,-4.5,4.2,-510.0,790.0,False
GW230919_215712-v2,GW230919_215712,GWTC-4.1,1379195850.0,O4a,BBH,21.0,49.1,27.3,21.4,46.5,1330.0,0.25,0.18,0.99,1e-05,-2.0,1.9,-4.5,4.2,-510.0,790.0,True
GW230914_111401-v1,GW230914_111401,GWTC-4.0,1378725259.7,O4a,BBH,39.8,96.0,60.0,37.0,91.2,2700.0,0.47,0.12,0.99,1e-05,-6.2,7.6,-10.0,15.0,-1200.0,1600.0,False
GW230914_111401-v2,GW230914_111401,GWTC-4.1,1378725259.7,O4a,BBH,39.8,96.0,60.0,37.0,91.2,2700.0,0.47,0.12,0.99,1e-05,-6.2,7.6,-10.0,15.0,-1200.0,1600.0,True
GW230911_195324-v1,GW230911_195324,GWTC-4.0,1378497222.2,O4a,BBH,23.2,55.5,33.9,21.6,53.1,1350.0,0.26,-0.02,0.99,0.001,-3.0,3.4,-7.1,8.0,-710.0,1170.0,False
GW230911_195324-v2,GW230911_195324,GWTC-4.1,1378497222.2,O4a,BBH,23.2,55.5,33.9,21.6,53.1,1350.0,0.26,-0.02,0.99,0.001,-3.0,3.4,-7.1,8.0,-710.0,1170.0,True
GW230904_152545-v1,GW230904_152545,GWTC-4.0,1377876363.2,O4a,unknown,,,,,,,,,0.74,18.0,,,,,,,False
GW230904_152545-v2,GW230904_152545,GWTC-4.1,1377876363.2,O4a,unknown,,,,,,,,,0.75,4.4,,,,,,,True
GW230904_051013-v1,GW230904_051013,GWTC-4.0,1377839431.1,O4a,BBH,7.53,17.9,10.6,7.1,17.1,1030.0,0.2,0.05,0.99,3.9e-05,-0.59,0.54,-1.6,2.4,-440.0,590.0,False
GW230904_051013-v2,GW230904_051013,GWTC-4.1,1377839431.1,O4a,BBH,7.53,17.9,10.6,7.1,17.1,1030.0,0.2,0.05,0.99,3.7e-05,-0.59,0.54,-1.6,2.4,-440.0,590.0,True
GW230902_224555-v1,GW230902_224555,GWTC-4.0,1377729973.7,O4a,unknown,,,,,,,,,0.52,51.0,,,,,,,False
GW230902_224555-v2,GW230902_224555,GWTC-4.1,1377729973.7,O4a,unknown,,,,,,,,,0.51,14.0,,,,,,,True
GW230902_172430-v1,GW230902_172430,GWTC-4.0,1377710688.8,O4a,unknown,,,,,,,,,0.59,39.0,,,,,,,False
GW230902_172430-v2,GW230902_172430,GWTC-4.1,1377710688.8,O4a,unknown,,,,,,,,,0.6,10.0,,,,,,,True
GW230902_150325-v1,GW230902_150325,GWTC-4.1,1377702223.2,O4a,unknown,,,,,,,,,0.65,7.400000000000001,,,,,,,True
GW230902_122814-v1,GW230902_122814,GWTC-4.0,1377692912.9,O4a,unknown,,,,,,,,,0.84,2.0,,,,,,,False
GW230902_122814-v2,GW230902_122814,GWTC-4.1,1377692912.9,O4a,unknown,,,,,,,,,0.84,2.0,,,,,,,True
GW230831_134621-v1,GW230831_134621,GWTC-4.0,1377524799.7,O4a,unknown,,,,,,,,,0.8,12.0,,,,,,,False
GW230831_134621-v2,GW230831_134621,GWTC-4.1,1377524799.7,O4a,unknown,,,,,,,,,0.8,2.8,,,,,,,True
GW230831_015414-v1,GW230831_015414,GWTC-4.0,1377482072.1,O4a,BBH,30.7,73.0,42.0,30.0,69.0,4900.0,0.77,0.04,0.99,0.29,-6.5,10.5,-15.0,25.0,-2900.0,4200.0,False
GW230831_015414-v2,GW230831_015414,GWTC-4.1,1377482072.1,O4a,BBH,30.7,73.0,42.0,30.0,69.0,4900.0,0.77,0.04,0.99,0.036,-6.5,10.5,-15.0,25.0,-2900.0,4200.0,True
GW230830_064744-v1,GW230830_064744,GWTC-4.0,1377413282.2,O4a,unknown,,,,,,,,,0.55,3.5,,,,,,,False
GW230830_064744-v2,GW230830_064744,GWTC-4.1,1377413282.2,O4a,unknown,,,,,,,,,0.8,3.2,,,,,,,True
GW230825_041334-v1,GW230825_041334,GWTC-4.0,1376972032.5,O4a,BBH,29.5,71.0,44.0,27.2,67.0,4900.0,0.76,0.29,0.98,0.1,-6.3,9.4,-16.0,22.0,-2900.0,4200.0,False
GW230825_041334-v2,GW230825_041334,GWTC-4.1,1376972032.5,O4a,BBH,29.5,71.0,44.0,27.2,67.0,4900.0,0.76,0.29,0.99,0.093,-6.3,9.4,-16.0,22.0,-2900.0,4200.0,True
GW230824_135331-v1,GW230824_135331,GWTC-4.0,1376920429.9,O4a,unknown,,,,,,,,,0.58,6.2,,,,,,,False
GW230824_135331-v2,GW230824_135331,GWTC-4.1,1376920429.9,O4a,unknown,,,,,,,,,0.58,6.2,,,,,,,True
GW230824_033047-v1,GW230824_033047,GWTC-4.0,1376883065.7,O4a,BBH,36.9,88.0,53.0,36.0,84.0,4700.0,0.74,-0.01,0.99,1e-05,-6.3,9.3,-13.0,20.0,-2300.0,2900.0,False
GW230824_033047-v2,GW230824_033047,GWTC-4.1,1376883065.7,O4a,BBH,36.9,88.0,53.0,36.0,84.0,4700.0,0.74,-0.01,0.99,1e-05,-6.3,9.3,-13.0,20.0,-2300.0,2900.0,True
GW230823_142524-v1,GW230823_142524,GWTC-4.0,1376835942.6,O4a,unknown,,,,,,,,,0.86,1.6,,,,,,,False
GW230823_142524-v2,GW230823_142524,GWTC-4.1,1376835942.6,O4a,unknown,,,,,,,,,0.86,1.6,,,,,,,True
GW230822_230337-v1,GW230822_230337,GWTC-4.0,1376780635.5,O4a,unknown,,,,,,,,,0.86,1.5,,,,,,,False
GW230822_230337-v2,GW230822_230337,GWTC-4.1,1376780635.5,O4a,unknown,,,,,,,,,0.89,1.4,,,,,,,True
GW230820_212515-v1,GW230820_212515,GWTC-4.0,1376601934.0,O4a,BBH,38.5,96.0,62.0,34.0,92.0,4000.0,0.65,0.21,0.97,0.24,-9.6,11.1,-17.0,22.0,-2100.0,3000.0,False
GW230820_212515-v2,GW230820_212515,GWTC-4.1,1376601934.0,O4a,BBH,38.5,96.0,62.0,34.0,92.0,4000.0,0.65,0.21,0.98,0.24,-9.6,11.1,-17.0,22.0,-2100.0,3000.0,True
GW230819_171910-v1,GW230819_171910,GWTC-4.0,1376500768.4,O4a,BBH,42.0,106.0,70.0,35.0,102.0,4100.0,0.66,-0.04,0.99,0.011,-11.0,14.0,-22.0,38.0,-2200.0,3800.0,False
GW230819_171910-v2,GW230819_171910,GWTC-4.1,1376500768.4,O4a,BBH,42.0,106.0,70.0,35.0,102.0,4100.0,0.66,-0.04,0.99,0.011,-11.0,14.0,-22.0,38.0,-2200.0,3800.0,True
GW230817_212349-v1,GW230817_212349,GWTC-4.0,1376342647.1,O4a,unknown,,,,,,,,,0.86,6.2,,,,,,,False
GW230817_212349-v2,GW230817_212349,GWTC-4.1,1376342647.1,O4a,unknown,,,,,,,,,0.86,2.0,,,,,,,True
GW230814_230901-v1,GW230814_230901,GWTC-4.0,1376089759.8,O4a,BBH,26.78,61.9,33.7,28.2,59.0,290.0,0.06,-0.01,0.99,1e-05,-1.03,0.88,-2.0,2.0,-130.0,180.0,False
GW230814_230901-v2,GW230814_230901,O4_Discovery_Papers,1376089759.8,O4a,BBH,26.8,61.9,33.7,28.2,,289.0,0.06,-0.01,,1e-05,-1.0,0.9,-2.0,2.0,-130.0,183.0,False
GW230814_230901-v3,GW230814_230901,GWTC-4.1,1376089759.8,O4a,BBH,26.78,61.9,33.7,28.2,59.0,290.0,0.06,-0.01,0.99,1e-05,-1.03,0.88,-2.0,2.0,-130.0,180.0,True
GW230814_061920-v1,GW230814_061920,GWTC-4.0,1376029178.5,O4a,BBH,46.0,111.0,69.0,42.0,106.0,4000.0,0.64,0.07,0.99,0.00063,-10.0,12.0,-21.0,26.0,-2000.0,3500.0,False
GW230814_061920-v2,GW230814_061920,GWTC-4.1,1376029178.5,O4a,BBH,46.0,111.0,69.0,42.0,106.0,4000.0,0.64,0.07,0.99,0.00059,-10.0,12.0,-21.0,26.0,-2000.0,3500.0,True
GW230811_032116-v1,GW230811_032116,GWTC-4.0,1375759294.3,O4a,BBH,24.1,57.9,35.4,22.3,55.3,2100.0,0.38,0.03,0.99,1e-05,-2.5,4.1,-6.7,8.9,-1100.0,1200.0,False
GW230811_032116-v2,GW230811_032116,GWTC-4.1,1375759294.3,O4a,BBH,24.1,57.9,35.4,22.3,55.3,2100.0,0.38,0.03,0.99,1e-05,-2.5,4.1,-6.7,8.9,-1100.0,1200.0,True
GW230807_205045-v1,GW230807_205045,GWTC-4.0,1375476663.4,O4a,unknown,,,,,,,,,0.59,2.9,,,,,,,False
GW230807_205045-v2,GW230807_205045,GWTC-4.1,1375476663.4,O4a,unknown,,,,,,,,,0.82,2.9,,,,,,,True
GW230806_204041-v1,GW230806_204041,GWTC-4.0,1375389659.9,O4a,BBH,35.9,86.0,51.0,35.0,82.0,5500.0,0.84,0.08,0.99,0.0037,-7.0,10.7,-16.0,24.0,-2900.0,3700.0,False
GW230806_204041-v2,GW230806_204041,GWTC-4.1,1375389659.9,O4a,BBH,35.9,86.0,51.0,35.0,82.0,5500.0,0.84,0.08,0.99,0.0035,-7.0,10.7,-16.0,24.0,-2900.0,3700.0,True
GW230805_034249-v1,GW230805_034249,GWTC-4.0,1375242188.0,O4a,BBH,23.1,54.9,32.2,22.6,52.4,3500.0,0.58,0.06,0.99,0.0037,-4.2,5.9,-9.7,13.9,-1700.0,2500.0,False
GW230805_034249-v2,GW230805_034249,GWTC-4.1,1375242188.0,O4a,BBH,23.1,54.9,32.2,22.6,52.4,3500.0,0.58,0.06,0.99,0.00029,-4.2,5.9,-9.7,13.9,-1700.0,2500.0,True
GW230803_033412-v1,GW230803_033412,GWTC-4.0,1375068870.4,O4a,BBH,30.5,73.0,44.0,29.0,70.0,5000.0,0.78,0.07,0.99,0.31,-6.7,9.2,-16.0,22.0,-2600.0,4000.0,False
GW230803_033412-v2,GW230803_033412,GWTC-4.1,1375068870.4,O4a,BBH,30.5,73.0,44.0,29.0,70.0,5000.0,0.78,0.07,0.99,0.044,-6.7,9.2,-16.0,22.0,-2600.0,4000.0,True
GW230731_215307-v1,GW230731_215307,GWTC-4.0,1374875605.9,O4a,BBH,7.78,18.3,10.3,7.9,17.4,1100.0,0.22,-0.05,0.99,1e-05,-0.37,0.58,-1.0,1.6,-460.0,350.0,False
GW230731_215307-v2,GW230731_215307,GWTC-4.1,1374875605.9,O4a,BBH,7.78,18.3,10.3,7.9,17.4,1100.0,0.22,-0.05,0.99,1e-05,-0.37,0.58,-1.0,1.6,-460.0,350.0,True
GW230729_082317-v1,GW230729_082317,GWTC-4.0,1374654215.2,O4a,BBH,8.34,20.3,12.3,7.6,19.3,1640.0,0.31,0.12,0.95,0.18,-0.76,0.94,-2.4,4.9,-770.0,820.0,False
GW230729_082317-v2,GW230729_082317,GWTC-4.1,1374654215.2,O4a,BBH,8.34,20.3,12.3,7.6,19.3,1640.0,0.31,0.12,0.98,0.17,-0.76,0.94,-2.4,4.9,-770.0,820.0,True
GW230728_083628-v1,GW230728_083628,GWTC-4.0,1374568606.9,O4a,unknown,,,,,,,,,0.73,1.5,,,,,,,False
GW230728_083628-v2,GW230728_083628,GWTC-4.1,1374568606.9,O4a,unknown,,,,,,,,,0.89,1.4,,,,,,,True
GW230726_002940-v1,GW230726_002940,GWTC-4.0,1374366598.1,O4a,BBH,27.2,63.6,35.6,27.9,60.6,2100.0,0.37,-0.02,0.99,1e-05,-3.4,4.4,-7.9,10.3,-1000.0,1300.0,False
GW230726_002940-v2,GW230726_002940,GWTC-4.1,1374366598.1,O4a,BBH,27.2,63.6,35.6,27.9,60.6,2100.0,0.37,-0.02,0.99,1e-05,-3.4,4.4,-7.9,10.3,-1000.0,1300.0,True
GW230723_101834-v1,GW230723_101834,GWTC-4.0,1374142732.4,O4a,BBH,11.4,27.5,16.6,10.6,26.4,1610.0,0.3,-0.18,0.99,0.0034,-0.91,1.59,-2.6,3.9,-930.0,680.0,False
GW230723_101834-v2,GW230723_101834,GWTC-4.1,1374142732.4,O4a,BBH,11.4,27.5,16.6,10.6,26.4,1610.0,0.3,-0.18,0.99,0.00022,-0.91,1.59,-2.6,3.9,-930.0,680.0,True
GW230723_084820-v1,GW230723_084820,GWTC-4.0,1374137318.4,O4a,unknown,,,,,,,,,0.64,3.8999999999999995,,,,,,,False
GW230723_084820-v2,GW230723_084820,GWTC-4.1,1374137318.4,O4a,unknown,,,,,,,,,0.64,3.8999999999999995,,,,,,,True
GW230721_222634-v1,GW230721_222634,GWTC-4.0,1374013612.8,O4a,unknown,,,,,,,,,0.73,4.1,,,,,,,False
GW230721_222634-v2,GW230721_222634,GWTC-4.1,1374013612.8,O4a,unknown,,,,,,,,,0.73,4.1,,,,,,,True
GW230717_102139-v1,GW230717_102139,GWTC-4.0,1373624517.1,O4a,unknown,,,,,,,,,0.7,29.0,,,,,,,False
GW230717_102139-v2,GW230717_102139,GWTC-4.1,1373624517.1,O4a,unknown,,,,,,,,,0.67,6.8,,,,,,,True
GW230712_090405-v1,GW230712_090405,GWTC-4.0,1373187863.9,O4a,BBH,16.2,46.0,32.0,12.5,44.0,2000.0,0.37,-0.02,0.99,0.018,-2.9,11.5,-10.0,22.0,-1000.0,2400.0,False
GW230712_090405-v2,GW230712_090405,GWTC-4.1,1373187863.9,O4a,BBH,16.2,46.0,32.0,12.5,44.0,2000.0,0.37,-0.02,0.99,0.018,-2.9,11.5,-10.0,22.0,-1000.0,2400.0,True
GW230709_122727-v1,GW230709_122727,GWTC-4.0,1372940865.2,O4a,BBH,30.9,74.0,45.0,30.0,71.0,4700.0,0.74,0.08,0.99,0.011,-6.8,9.3,-14.0,20.0,-2500.0,3500.0,False
GW230709_122727-v2,GW230709_122727,GWTC-4.1,1372940865.2,O4a,BBH,30.9,74.0,45.0,30.0,71.0,4700.0,0.74,0.08,0.99,0.0009700000000000002,-6.8,9.3,-14.0,20.0,-2500.0,3500.0,True
GW230709_063445-v1,GW230709_063445,GWTC-4.0,1372919703.1,O4a,unknown,,,,,,,,,0.83,15.0,,,,,,,False
GW230709_063445-v2,GW230709_063445,GWTC-4.1,1372919703.1,O4a,unknown,,,,,,,,,0.8,3.3,,,,,,,True
GW230708_230935-v1,GW230708_230935,GWTC-4.0,1372892993.5,O4a,BBH,42.6,103.0,64.0,40.0,99.0,3500.0,0.59,0.01,0.99,0.0037,-7.7,9.7,-15.0,22.0,-1600.0,2300.0,False
GW230708_230935-v2,GW230708_230935,GWTC-4.1,1372892993.5,O4a,BBH,42.6,103.0,64.0,40.0,99.0,3500.0,0.59,0.01,0.99,0.001,-7.7,9.7,-15.0,22.0,-1600.0,2300.0,True
GW230708_071859-v1,GW230708_071859,GWTC-4.0,1372835957.4,O4a,unknown,,,,,,,,,0.73,1.5,,,,,,,False
GW230708_071859-v2,GW230708_071859,GWTC-4.1,1372835957.4,O4a,unknown,,,,,,,,,0.89,1.4,,,,,,,True
GW230708_053705-v1,GW230708_053705,GWTC-4.0,1372829843.1,O4a,BBH,22.2,51.9,29.1,22.7,49.4,3300.0,0.55,0.06,0.99,0.21999999999999997,-3.3,4.4,-7.7,10.2,-1700.0,2100.0,False
GW230708_053705-v2,GW230708_053705,GWTC-4.1,1372829843.1,O4a,BBH,22.2,51.9,29.1,22.7,49.4,3300.0,0.55,0.06,0.99,0.028,-3.3,4.4,-7.7,10.2,-1700.0,2100.0,True
GW230707_124047-v1,GW230707_124047,GWTC-4.0,1372768865.3,O4a,BBH,35.1,82.0,46.1,36.3,78.0,4400.0,0.71,-0.05,0.99,0.0011,-5.3,8.6,-12.0,20.0,-2300.0,2400.0,False
GW230707_124047-v2,GW230707_124047,GWTC-4.1,1372768865.3,O4a,BBH,35.1,82.0,46.1,36.3,78.0,4400.0,0.71,-0.05,0.99,0.00042,-5.3,8.6,-12.0,20.0,-2300.0,2400.0,True
GW230706_104333-v1,GW230706_104333,GWTC-4.0,1372675431.2,O4a,BBH,11.8,28.0,16.3,11.5,26.6,1910.0,0.35,0.19,0.98,0.23,-1.1,1.6,-3.0,4.3,-970.0,930.0,False
GW230706_104333-v2,GW230706_104333,GWTC-4.1,1372675431.2,O4a,BBH,11.8,28.0,16.3,11.5,26.6,1910.0,0.35,0.19,0.99,0.21999999999999997,-1.1,1.6,-3.0,4.3,-970.0,930.0,True
GW230704_212616-v1,GW230704_212616,GWTC-4.0,1372541194.7,O4a,BBH,56.0,139.0,89.0,50.0,132.0,7300.0,1.06,0.27,0.93,0.51,-15.0,23.0,-32.0,50.0,-4200.0,6200.0,False
GW230704_212616-v2,GW230704_212616,GWTC-4.1,1372541194.7,O4a,BBH,56.0,139.0,89.0,50.0,132.0,7300.0,1.06,0.27,0.93,0.51,-15.0,23.0,-32.0,50.0,-4200.0,6200.0,True
GW230704_021211-v1,GW230704_021211,GWTC-4.0,1372471949.2,O4a,BBH,21.9,53.0,32.6,20.0,50.7,2700.0,0.47,-0.01,0.99,0.21,-3.2,4.4,-8.2,10.9,-1500.0,1900.0,False
GW230704_021211-v2,GW230704_021211,GWTC-4.1,1372471949.2,O4a,BBH,21.9,53.0,32.6,20.0,50.7,2700.0,0.47,-0.01,0.99,0.037,-3.2,4.4,-8.2,10.9,-1500.0,1900.0,True
GW230702_185453-v1,GW230702_185453,GWTC-4.0,1372359311.7,O4a,BBH,22.9,60.0,40.0,18.0,57.0,2500.0,0.44,0.05,0.99,1e-05,-3.6,4.1,-11.0,15.0,-1100.0,2000.0,False
GW230702_185453-v2,GW230702_185453,GWTC-4.1,1372359311.7,O4a,BBH,22.9,60.0,40.0,18.0,57.0,2500.0,0.44,0.05,0.99,1e-05,-3.6,4.1,-11.0,15.0,-1100.0,2000.0,True
GW230702_162025-v1,GW230702_162025,GWTC-4.0,1372350043.9,O4a,unknown,,,,,,,,,0.6,6.5,,,,,,,False
GW230702_162025-v2,GW230702_162025,GWTC-4.1,1372350043.9,O4a,unknown,,,,,,,,,0.6,6.5,,,,,,,True
GW230630_234532-v1,GW230630_234532,GWTC-4.0,1372203950.4,O4a,BBH,7.06,16.8,10.0,6.6,16.1,1090.0,0.21,-0.04,0.99,0.00042,-0.48,0.56,-1.4,2.2,-490.0,520.0,False
GW230630_234532-v2,GW230630_234532,GWTC-4.1,1372203950.4,O4a,BBH,7.06,16.8,10.0,6.6,16.1,1090.0,0.21,-0.04,0.99,0.00042,-0.48,0.56,-1.4,2.2,-490.0,520.0,True
GW230630_125806-v1,GW230630_125806,GWTC-4.0,1372165104.9,O4a,BBH,35.0,84.0,51.0,33.0,80.0,5400.0,0.83,0.18,0.99,0.16,-8.4,11.4,-19.0,26.0,-3000.0,5100.0,False
GW230630_125806-v2,GW230630_125806,GWTC-4.1,1372165104.9,O4a,BBH,35.0,84.0,51.0,33.0,80.0,5400.0,0.83,0.18,0.99,0.048,-8.4,11.4,-19.0,26.0,-3000.0,5100.0,True
GW230630_070659-v1,GW230630_070659,GWTC-4.0,1372144037.0,O4a,unknown,,,,,,,,,0.88,0.47000000000000003,,,,,,,False
GW230630_070659-v2,GW230630_070659,GWTC-4.1,1372144037.0,O4a,unknown,,,,,,,,,0.96,0.47000000000000003,,,,,,,True
GW230628_231200-v1,GW230628_231200,GWTC-4.0,1372029138.4,O4a,BBH,25.5,59.2,32.5,27.0,56.4,2260.0,0.4,-0.01,0.99,1e-05,-2.2,3.8,-4.9,8.5,-1080.0,790.0,False
GW230628_231200-v2,GW230628_231200,GWTC-4.1,1372029138.4,O4a,BBH,25.5,59.2,32.5,27.0,56.4,2260.0,0.4,-0.01,0.99,1e-05,-2.2,3.8,-4.9,8.5,-1080.0,790.0,True
GW230627_015337-v1,GW230627_015337,GWTC-4.0,1371866035.8,O4a,BBH,6.02,14.22,8.4,5.74,13.57,305.0,0.07,0.02,0.99,1e-05,-0.07,0.17,-0.47,0.79,-139.0,65.0,False
GW230627_015337-v2,GW230627_015337,GWTC-4.1,1371866035.8,O4a,BBH,6.02,14.22,8.4,5.74,13.57,305.0,0.07,0.02,0.99,1e-05,-0.07,0.17,-0.47,0.79,-139.0,65.0,True
GW230625_211655-v1,GW230625_211655,GWTC-4.0,1371763033.0,O4a,unknown,,,,,,,,,0.61,42.0,,,,,,,False
GW230625_211655-v2,GW230625_211655,GWTC-4.1,1371763033.0,O4a,unknown,,,,,,,,,0.61,9.8,,,,,,,True
GW230624_214944-v1,GW230624_214944,GWTC-4.0,1371678602.5,O4a,unknown,,,,,,,,,0.69,2.2,,,,,,,False
GW230624_214944-v2,GW230624_214944,GWTC-4.1,1371678602.5,O4a,unknown,,,,,,,,,0.74,2.2,,,,,,,True
GW230624_113103-v1,GW230624_113103,GWTC-4.0,1371641481.7,O4a,BBH,18.0,43.7,27.1,16.1,41.7,1930.0,0.35,0.17,0.99,0.00017999999999999998,-2.3,3.2,-6.5,11.3,-970.0,1270.0,False
GW230624_113103-v2,GW230624_113103,GWTC-4.1,1371641481.7,O4a,BBH,18.0,43.7,27.1,16.1,41.7,1930.0,0.35,0.17,0.99,0.00017,-2.3,3.2,-6.5,11.3,-970.0,1270.0,True
GW230618_102550-v1,GW230618_102550,GWTC-4.0,1371119168.0,O4a,unknown,,,,,,,,,0.59,49.00000000000001,,,,,,,False
GW230618_102550-v2,GW230618_102550,GWTC-4.1,1371119168.0,O4a,unknown,,,,,,,,,0.6,11.0,,,,,,,True
GW230615_160825-v1,GW230615_160825,GWTC-4.0,1370880524.0,O4a,unknown,,,,,,,,,0.5,4.3,,,,,,,False
GW230615_160825-v2,GW230615_160825,GWTC-4.1,1370880524.0,O4a,unknown,,,,,,,,,0.76,4.1,,,,,,,True
GW230610_061439-v1,GW230610_061439,GWTC-4.1,1370412897.4,O4a,unknown,,,,,,,,,0.53,13.0,,,,,,,True
GW230609_064958-v1,GW230609_064958,GWTC-4.0,1370328616.3,O4a,BBH,25.6,60.5,35.4,25.2,58.0,3400.0,0.56,-0.14,0.99,0.00014,-3.7,5.6,-8.3,12.7,-1800.0,1900.0,False
GW230609_064958-v2,GW230609_064958,GWTC-4.1,1370328616.3,O4a,BBH,25.6,60.5,35.4,25.2,58.0,3400.0,0.56,-0.14,0.99,0.0001,-3.7,5.6,-8.3,12.7,-1800.0,1900.0,True
GW230609_010824-v1,GW230609_010824,GWTC-4.0,1370308122.4,O4a,unknown,,,,,,,,,0.81,2.8,,,,,,,False
GW230609_010824-v2,GW230609_010824,GWTC-4.1,1370308122.4,O4a,unknown,,,,,,,,,0.85,2.7,,,,,,,True
GW230608_205047-v1,GW230608_205047,GWTC-4.0,1370292665.2,O4a,BBH,32.7,79.0,48.0,31.0,75.0,3500.0,0.58,0.04,0.99,0.0012,-5.4,7.3,-11.0,16.0,-1700.0,2200.0,False
GW230608_205047-v2,GW230608_205047,GWTC-4.1,1370292665.2,O4a,BBH,32.7,79.0,48.0,31.0,75.0,3500.0,0.58,0.04,0.99,0.0011,-5.4,7.3,-11.0,16.0,-1700.0,2200.0,True
GW230606_065320-v1,GW230606_065320,GWTC-4.1,1370069618.1,O4a,unknown,,,,,,,,,0.64,7.900000000000001,,,,,,,True
GW230606_024545-v1,GW230606_024545,GWTC-4.0,1370054763.5,O4a,unknown,,,,,,,,,0.88,3.2,,,,,,,False
GW230606_024545-v2,GW230606_024545,GWTC-4.1,1370054763.5,O4a,unknown,,,,,,,,,0.88,1.5,,,,,,,True
GW230606_004305-v1,GW230606_004305,GWTC-4.0,1370047403.8,O4a,BBH,26.5,63.4,37.6,25.7,60.8,2800.0,0.48,-0.11,0.99,0.00041,-3.6,5.7,-8.4,13.5,-1400.0,1500.0,False
GW230606_004305-v2,GW230606_004305,GWTC-4.1,1370047403.8,O4a,BBH,26.5,63.4,37.6,25.7,60.8,2800.0,0.48,-0.11,0.99,0.00041,-3.6,5.7,-8.4,13.5,-1400.0,1500.0,True
GW230605_065343-v1,GW230605_065343,GWTC-4.0,1369983241.5,O4a,BBH,11.95,28.6,17.4,11.0,27.3,1060.0,0.21,0.06,0.99,1e-05,-0.94,0.94,-2.8,4.1,-480.0,610.0,False
GW230605_065343-v2,GW230605_065343,GWTC-4.1,1369983241.5,O4a,BBH,11.95,28.6,17.4,11.0,27.3,1060.0,0.21,0.06,0.99,1e-05,-0.94,0.94,-2.8,4.1,-480.0,610.0,True
GW230603_174756-v1,GW230603_174756,GWTC-4.0,1369849694.9,O4a,unknown,,,,,,,,,0.73,8.4,,,,,,,False
GW230603_174756-v2,GW230603_174756,GWTC-4.1,1369849694.9,O4a,unknown,,,,,,,,,0.79,4.0,,,,,,,True
GW230601_224134-v1,GW230601_224134,GWTC-4.0,1369694512.1,O4a,BBH,45.1,107.0,64.0,44.0,102.0,3700.0,0.6,-0.03,0.99,1e-05,-7.4,9.8,-15.0,22.0,-1800.0,2100.0,False
GW230601_224134-v2,GW230601_224134,GWTC-4.1,1369694512.1,O4a,BBH,45.1,107.0,64.0,44.0,102.0,3700.0,0.6,-0.03,0.99,1e-05,-7.4,9.8,-15.0,22.0,-1800.0,2100.0,True
GW230531_141100-v1,GW230531_141100,GWTC-4.0,1369577478.3,O4a,unknown,,,,,,,,,0.69,3.5,,,,,,,False
GW230531_141100-v2,GW230531_141100,GWTC-4.1,1369577478.3,O4a,unknown,,,,,,,,,0.72,3.5,,,,,,,True
GW230529_181500-v1,GW230529_181500,O4_Discovery_Papers,1369419318.7,O4a,NSBH,1.94,5.1,3.6,1.4,,201.0,0.04,-0.1,,0.001,-0.04,0.04,-0.6,0.6,-96.0,102.0,False
GW230529_181500-v2,GW230529_181500,GWTC-4.0,1369419318.7,O4a,NSBH,1.94,5.08,3.66,1.42,,203.0,0.04,-0.1,0.99,0.00022,-0.04,0.04,-0.6,0.61,-98.0,103.0,False
GW230529_181500-v3,GW230529_181500,GWTC-4.1,1369419318.7,O4a,NSBH,1.94,5.08,3.66,1.42,,203.0,0.04,-0.1,0.99,0.00022,-0.04,0.04,-0.6,0.61,-98.0,103.0,True
GW230528_145129-v1,GW230528_145129,GWTC-4.1,1369320707.7,O4a,unknown,,,,,,,,,0.5,14.0,,,,,,,True
GW230518_125908-v1,GW230518_125908,GWTC-4.0,1368449966.2,other,NSBH,2.8,9.61,8.17,1.45,,236.0,0.05,-0.01,0.99,1e-05,-0.06,0.06,-0.79,0.76,-96.0,108.0,False
GW230518_125908-v2,GW230518_125908,GWTC-4.1,1368449966.2,other,NSBH,2.8,9.61,8.17,1.45,,236.0,0.05,-0.01,0.99,1e-05,-0.06,0.06,-0.79,0.76,-96.0,108.0,True
GW230517_044807-v1,GW230517_044807,GWTC-4.1,1368334105.4,other,unknown,,,,,,,,,0.62,8.5,,,,,,,True
GW200322_091133-v1,GW200322_091133,GWTC-3-confident,1268903511.3,O3b,BBH,15.0,50.0,38.0,11.3,48.0,3500.0,0.59,0.27,0.61501,140.0,-4.0,29.5,-22.0,132.0,-2200.0,12500.0,True
GW200316_215756-v1,GW200316_215756,GWTC-3-confident,1268431094.1,O3b,BBH,8.75,21.2,13.1,7.8,20.2,1120.0,0.22,0.13,0.99,1e-05,-0.55,0.62,-2.0,7.2,-440.0,480.0,True
GW200311_115853-v1,GW200311_115853,GWTC-3-confident,1267963151.3,O3b,BBH,26.6,61.9,34.2,27.7,59.0,1170.0,0.23,-0.02,0.99,1e-05,-2.0,2.4,-4.2,5.3,-400.0,280.0,True
200311_103121-v1,GW200311_103121,GWTC-3-marginal,1267957899.7,O3b,unknown,,,,,,,,,0.194,1.3,,,,,,,True
GW200308_173609-v1,GW200308_173609,GWTC-3-confident,1267724187.7,O3b,BBH,34.0,92.0,60.0,24.0,88.0,7100.0,1.04,0.16,0.8566,2.4,-18.0,44.0,-48.0,169.0,-4400.0,13900.0,True
GW200306_093714-v1,GW200306_093714,GWTC-3-confident,1267522652.1,O3b,BBH,17.5,43.9,28.3,14.8,41.7,2100.0,0.38,0.32,0.81156,24.0,-3.0,3.5,-7.5,11.8,-1100.0,1700.0,True
GW200302_015811-v1,GW200302_015811,GWTC-3-confident,1267149509.5,O3b,BBH,23.4,57.8,37.8,20.0,55.5,1480.0,0.28,0.01,0.90643,0.11,-3.0,4.7,-6.9,9.6,-700.0,1020.0,True
GW200225_060421-v1,GW200225_060421,GWTC-3-confident,1266645879.3,O3b,BBH,14.2,33.5,19.3,14.0,32.1,1150.0,0.22,-0.12,0.99,1.1e-05,-1.4,1.5,-3.0,3.6,-530.0,510.0,True
GW200224_222234-v1,GW200224_222234,GWTC-3-confident,1266618172.4,O3b,BBH,31.1,72.3,40.0,32.7,68.7,1710.0,0.32,0.1,0.99,1e-05,-2.7,3.3,-5.3,7.2,-650.0,500.0,True
GW200220_124850-v1,GW200220_124850,GWTC-3-confident,1266238148.1,O3b,BBH,28.2,67.0,38.9,27.9,64.0,4000.0,0.66,-0.07,0.82579,30.0,-5.1,7.3,-12.0,17.0,-2200.0,2800.0,True
GW200220_061928-v1,GW200220_061928,GWTC-3-confident,1266214786.7,O3b,BBH,62.0,148.0,87.0,61.0,141.0,6000.0,0.9,0.06,0.62376,6.8,-15.0,23.0,-33.0,55.0,-3100.0,4800.0,True
200219_201407-v1,200219_201407,GWTC-3-marginal,1266178465.9,O3b,unknown,,,,,,,,,0.481,0.22,,,,,,,True
GW200219_094415-v1,GW200219_094415,GWTC-3-confident,1266140673.1,O3b,BBH,27.6,65.0,37.5,27.9,62.2,3400.0,0.57,-0.08,0.99,0.00099,-3.8,5.6,-8.2,12.6,-1500.0,1700.0,True
GW200216_220804-v1,GW200216_220804,GWTC-3-confident,1265926102.8,O3b,BBH,32.9,81.0,51.0,30.0,78.0,3800.0,0.63,0.1,0.77277,0.35,-8.5,9.3,-14.0,20.0,-2000.0,3000.0,True
200214_224526-v1,200214_224526,O3_IMBH_marginal,1265755544.5,O3b,unknown,,,,,,,,,,0.1314,,,,,,,True
200214_224526-v2,200214_224526,GWTC-3-marginal,1265755544.5,O3b,unknown,,,,,,,,,0.9095,0.131444,,,,,,,False
GW200210_092254-v1,GW200210_092254,GWTC-3-confident,1265361792.9,O3b,NSBH,6.56,27.0,24.1,2.83,26.7,940.0,0.19,0.02,0.54462,1.2,-0.4,0.38,-4.3,7.1,-340.0,430.0,True
GW200209_085452-v1,GW200209_085452,GWTC-3-confident,1265273710.1,O3b,BBH,26.7,62.6,35.6,27.1,59.9,3400.0,0.57,-0.12,0.97236,0.046,-4.2,6.0,-9.4,13.9,-1800.0,1900.0,True
GW200208_222617-v1,GW200208_222617,GWTC-3-confident,1265235995.9,O3b,BBH,19.8,63.0,51.0,12.3,61.0,4100.0,0.66,0.45,0.70006,4.8,-5.2,10.5,-26.0,100.0,-2000.0,4400.0,True
GW200208_130117-v1,GW200208_130117,GWTC-3-confident,1265202095.9,O3b,BBH,27.7,65.3,37.7,27.4,62.5,2230.0,0.4,-0.07,0.99,0.00031,-3.1,3.7,-6.8,8.1,-850.0,1020.0,True
GW200202_154313-v1,GW200202_154313,GWTC-3-confident,1264693411.5,O3b,BBH,7.49,17.58,10.1,7.3,16.76,410.0,0.09,0.04,0.99,1e-05,-0.2,0.24,-0.67,1.78,-160.0,150.0,True
200201_203549-v1,GW200201_203549,GWTC-3-marginal,1264624567.0,O3b,unknown,,,,,,,,,0.116,1.4,,,,,,,True
GW200129_065458-v1,GW200129_065458,GWTC-3-confident,1264316116.4,O3b,BBH,27.2,63.3,34.5,29.0,60.2,890.0,0.18,0.11,0.99,1e-05,-2.3,2.1,-3.4,4.5,-370.0,260.0,True
GW200128_022011-v1,GW200128_022011,GWTC-3-confident,1264213229.9,O3b,BBH,32.0,75.0,42.2,32.6,71.0,3400.0,0.56,0.12,0.99,0.0043,-5.5,7.5,-12.0,17.0,-1800.0,2100.0,True
200121_031748-v1,200121_031748,GWTC-3-marginal,1263611886.9,O3b,unknown,,,,,,,,,0.23,1.1,,,,,,,True
GW200115-v1,GW200115_042309,O3_Discovery_Papers,1263097407.7,O3b,NSBH,2.42,7.1,5.7,1.5,,300.0,0.07,-0.19,,1e-05,-0.07,0.05,-1.4,1.5,-100.0,150.0,True
GW200115_042309-v2,GW200115_042309,GWTC-3-confident,1263097407.7,O3b,NSBH,2.43,7.4,5.9,1.44,7.2,290.0,0.06,-0.15,0.99,1e-05,-0.07,0.05,-1.7,1.7,-100.0,150.0,False
200114_020818-v1,200114_020818,O3_IMBH_marginal,1263002916.2,O3b,unknown,,,,,,,,,,0.058,,,,,,,True
GW200112_155838-v1,GW200112_155838,GWTC-3-confident,1262879936.0,O3b,BBH,27.4,63.9,35.6,28.3,60.8,1250.0,0.24,0.06,0.99,1e-05,-2.1,2.6,-4.6,5.7,-460.0,430.0,True
GW200105-v1,GW200105_162426,O3_Discovery_Papers,1262276684.0,O3b,NSBH,3.41,10.9,8.9,1.9,,280.0,0.06,-0.01,,0.36,-0.07,0.08,-1.2,1.1,-110.0,110.0,True
GW200105_162426-v2,GW200105_162426,GWTC-3-marginal,1262276684.0,O3b,NSBH,3.42,11.0,9.1,1.91,10.8,270.0,0.06,0.0,0.362,0.2,-0.08,0.08,-1.4,1.5,-110.0,120.0,False
GW191230_180458-v1,GW191230_180458,GWTC-3-confident,1261764316.4,O3b,BBH,36.5,86.0,49.4,37.0,82.0,4300.0,0.69,-0.05,0.96159,0.05,-5.6,8.2,-12.0,19.0,-1900.0,2100.0,True
191225_215715-v1,191225_215715,O3_IMBH_marginal,1261346253.9,O3b,unknown,,,,,,,,,,0.47,,,,,,,True
191223_014159-v1,191223_014159,O3_IMBH_marginal,1261100537.6,O3b,unknown,,,,,,,,,,0.46,,,,,,,True
GW191222_033537-v1,GW191222_033537,GWTC-3-confident,1261020955.1,O3b,BBH,33.8,79.0,45.1,34.7,75.5,3000.0,0.51,-0.04,0.99,1e-05,-5.0,7.1,-11.0,16.0,-1700.0,1700.0,True
GW191219_163120-v1,GW191219_163120,GWTC-3-confident,1260808298.4,O3b,NSBH,4.31,32.3,31.1,1.17,32.2,550.0,0.11,0.0,0.8224,4.0,-0.17,0.12,-2.7,2.2,-160.0,240.0,True
GW191216_213338-v1,GW191216_213338,GWTC-3-confident,1260567236.4,O3b,BBH,8.33,19.8,12.1,7.7,18.87,340.0,0.07,0.11,0.99,1e-05,-0.19,0.22,-0.93,2.7,-130.0,120.0,True
GW191215_223052-v1,GW191215_223052,GWTC-3-confident,1260484270.3,O3b,BBH,18.4,43.3,24.9,18.1,41.4,1930.0,0.35,-0.04,0.99,1e-05,-1.7,2.2,-4.3,5.3,-860.0,890.0,True
GW191204_171526-v1,GW191204_171526,GWTC-3-confident,1259514944.0,O3b,BBH,8.56,20.19,11.7,8.4,19.18,640.0,0.13,0.16,0.99,1e-05,-0.28,0.41,-0.95,1.64,-260.0,200.0,True
GW191204_110529-v1,GW191204_110529,GWTC-3-confident,1259492747.5,O3b,BBH,19.8,47.1,27.3,19.2,45.0,1900.0,0.34,0.05,0.74239,3.3,-3.2,3.6,-7.8,9.1,-1100.0,1700.0,True
GW191129_134029-v1,GW191129_134029,GWTC-3-confident,1259070047.1,O3b,BBH,7.31,17.5,10.7,6.7,16.8,790.0,0.16,0.06,0.99,1e-05,-0.28,0.43,-1.2,2.4,-330.0,260.0,True
GW191127_050227-v1,GW191127_050227,GWTC-3-confident,1258866165.5,O3b,BBH,29.9,80.0,53.0,24.0,76.0,3400.0,0.57,0.18,0.73996,0.25,-9.1,11.7,-22.0,39.0,-1900.0,3100.0,True
GW191126_115259-v1,GW191126_115259,GWTC-3-confident,1258804397.6,O3b,BBH,8.65,20.7,12.1,8.3,19.6,1620.0,0.3,0.21,0.70041,3.2,-0.71,0.95,-2.0,3.4,-740.0,740.0,True
191118_212859-v1,GW191118_212859,GWTC-3-marginal,1258147757.4,O3b,unknown,,,,,,,,,0.0452,1.3,,,,,,,True
GW191113_071753-v1,GW191113_071753,GWTC-3-confident,1257664691.8,O3b,BBH,10.7,34.5,29.0,5.9,34.0,1370.0,0.26,0.0,0.68339,26.0,-1.0,1.1,-9.8,10.5,-620.0,1150.0,True
GW191109_010717-v1,GW191109_010717,GWTC-3-confident,1257296855.2,O3b,BBH,47.5,112.0,65.0,47.0,107.0,1290.0,0.25,-0.29,0.99,0.00018,-7.5,9.6,-16.0,20.0,-650.0,1130.0,True
GW191105_143521-v1,GW191105_143521,GWTC-3-confident,1256999739.9,O3b,BBH,7.82,18.5,10.7,7.7,17.6,1150.0,0.23,-0.02,0.99,0.012,-0.45,0.61,-1.3,2.1,-480.0,430.0,True
GW191103_012549-v1,GW191103_012549,GWTC-3-confident,1256779567.5,O3b,BBH,8.34,20.0,11.8,7.9,19.0,990.0,0.2,0.21,0.94318,0.46,-0.57,0.66,-1.8,3.7,-470.0,500.0,True
GW190930_133541-v1,GW190930_133541,GWTC-2,1253885759.2,O3a,BBH,8.5,20.3,12.3,7.8,19.4,760.0,0.15,0.14,0.997,0.03309219802659227,-0.5,0.5,-1.5,8.9,-320.0,360.0,False
GW190930_133541-v2,GW190930_133541,GWTC-2.1-confident,1253885759.2,O3a,BBH,8.5,21.2,14.2,6.9,20.2,770.0,0.16,0.19,0.99785,0.012,-0.4,0.5,-2.0,5.9,-320.0,320.0,True
GW190930_133541-v3,GW190930_133541,IAS-O3a,1253885759.2,O3a,BBH,8.5,24.0,18.0,5.0,,800.0,0.17,0.4,1.0,0.001,-1.4,0.6,-5.0,14.0,-300.0,1600.0,False
GW190929_012149-v1,GW190929_012149,GWTC-2,1253755327.5,O3a,BBH,35.8,104.3,80.8,24.1,101.5,2130.0,0.38,0.01,0.995693,0.020161443585491597,-8.2,14.9,-25.2,34.9,-1050.0,3650.0,False
GW190929_012149-v2,GW190929_012149,GWTC-2.1-confident,1253755327.4,O3a,BBH,35.6,93.3,66.3,26.8,90.3,3130.0,0.53,-0.03,0.87042,0.16,-7.4,10.2,-15.0,23.3,-1370.0,2510.0,True
GW190929_012149-v3,GW190929_012149,IAS-O3a,1253755327.5,O3a,BBH,36.0,100.0,70.0,25.0,,3200.0,0.5,0.0,1.0,0.001,-10.0,14.0,-30.0,70.0,-1500.0,3000.0,False
GW190926_050336-v1,GW190926_050336,GWTC-2.1-confident,1253509434.0,O3a,BBH,24.4,61.9,41.1,20.4,59.6,3280.0,0.55,-0.02,0.54334,1.1,-4.9,9.0,-12.0,22.7,-1730.0,3400.0,True
GW190926_050336-v2,GW190926_050336,IAS-O3a,1253509434.1,O3a,BBH,25.0,61.0,37.0,25.0,,4000.0,0.7,-0.3,0.96,0.04,-5.0,21.0,-11.0,77.0,-2000.0,4000.0,False
GW190925_232845-v1,GW190925_232845,GWTC-2.1-confident,1253489343.1,O3a,BBH,15.6,36.7,20.8,15.5,34.9,930.0,0.19,0.09,0.98849,0.0072,-1.1,1.1,-2.8,3.6,-350.0,460.0,True
190924_232654-v1,190924_232654,O3_IMBH_marginal,1253402833.0,O3a,unknown,,,,,,,,,,0.4,,,,,,,True
GW190924_021846-v1,GW190924_021846,GWTC-2,1253326744.8,O3a,BBH,5.8,13.9,8.9,5.0,13.3,570.0,0.12,0.03,1.0,1e-05,-0.2,0.2,-1.0,5.1,-220.0,220.0,False
GW190924_021846-v2,GW190924_021846,GWTC-2.1-confident,1253326744.8,O3a,BBH,5.8,13.9,8.8,5.1,13.3,550.0,0.11,0.03,1.0,1e-05,-0.2,0.2,-0.9,2.8,-220.0,220.0,True
GW190920_113516-v1,GW190920_113516,IAS-O3a,1253014534.7,O3a,NSBH,3.7,9.0,7.0,2.8,,700.0,0.14,0.6,0.57,1.7999999999999998,-2.1,0.2,-2.0,7.0,-400.0,12100.0,True
GW190917_114630-v1,GW190917_114630,GWTC-2.1-confident,1252756008.0,O3a,NSBH,3.7,11.8,9.7,2.1,11.6,720.0,0.15,-0.08,0.76643,0.66,-0.2,0.2,-2.8,3.0,-310.0,300.0,True
GW190916_200658-v1,GW190916_200658,GWTC-2.1-confident,1252699636.9,O3a,BBH,26.9,68.0,43.8,23.3,65.0,4940.0,0.77,0.2,0.65727,4.7,-5.4,8.2,-13.1,18.3,-2380.0,3710.0,True
GW190916_200658-v2,GW190916_200658,IAS-O3a,1252699636.9,O3a,BBH,30.0,73.0,46.0,27.0,,7000.0,1.1,0.4,0.93,0.048,-8.0,24.0,-17.0,90.0,-4000.0,7000.0,False
GW190915_235702-v1,GW190915_235702,GWTC-2,1252627040.7,O3a,BBH,25.3,59.9,35.3,24.4,57.2,1620.0,0.3,0.02,1.0,1e-05,-2.7,3.2,-6.4,7.5,-610.0,710.0,False
GW190915_235702-v2,GW190915_235702,GWTC-2.1-confident,1252627040.6,O3a,BBH,24.4,57.2,32.6,24.5,54.7,1750.0,0.32,-0.03,1.0,1e-05,-2.3,3.0,-5.3,7.1,-650.0,710.0,True
GW190915_235702-v3,GW190915_235702,IAS-O3a,1252627040.7,O3a,BBH,24.0,57.0,33.0,24.0,,1800.0,0.33,-0.1,1.0,0.001,-4.0,19.0,-7.0,70.0,-900.0,1800.0,False
GW190910_112807-v1,GW190910_112807,GWTC-2,1252150105.3,O3a,BBH,34.3,79.6,43.9,35.6,75.8,1460.0,0.28,0.02,0.999988,1.8852694587530696e-05,-4.1,4.1,-9.1,9.3,-580.0,1030.0,False
GW190910_112807-v2,GW190910_112807,GWTC-2.1-confident,1252150105.3,O3a,BBH,33.5,78.0,43.8,34.2,74.4,1520.0,0.29,0.0,0.99669,0.0029,-4.1,4.2,-9.1,9.3,-630.0,1090.0,True
GW190910_012619-v1,GW190910_012619,IAS-O3a,1252113997.2,O3a,BBH,8.1,37.0,34.0,3.2,,1000.0,0.19,-0.6,0.58,1.5,-0.8,5.9,-7.0,19.0,-400.0,1700.0,True
GW190909_114149-v1,GW190909_114149,GWTC-2,1252064527.7,O3a,BBH,30.9,75.0,45.8,28.3,72.0,3770.0,0.62,-0.06,0.886704,1.1112276612026477,-7.5,17.2,-17.6,55.9,-2220.0,3270.0,False
GW190909_114149-v2,GW190909_114149,GWTC-2.1-auxiliary,1252064527.7,O3a,unknown,,,,,,,,,0.1525430959725358,26.1830194416,,,,,,,True
GW190909_114149-v3,GW190909_114149,IAS-O3a,1252064527.7,O3a,BBH,45.0,140.0,110.0,28.0,,5000.0,0.8,0.6,0.52,2.2,-19.0,23.0,-70.0,60.0,-3000.0,6000.0,False
GW190906_054335-v1,GW190906_054335,IAS-O3a,1251783833.5,O3a,BBH,26.0,63.0,39.0,24.0,,6000.0,0.9,0.1,0.61,1.4,-7.0,25.0,-14.0,100.0,-3000.0,7000.0,True
GW190828_065509-v1,GW190828_065509,GWTC-2,1251010527.9,O3a,BBH,13.3,34.4,24.1,10.2,33.1,1600.0,0.3,0.08,1.0,1e-05,-1.0,1.2,-4.4,5.4,-600.0,620.0,False
GW190828_065509-v2,GW190828_065509,GWTC-2.1-confident,1251010527.8,O3a,BBH,13.4,34.3,23.7,10.4,33.0,1540.0,0.29,0.05,0.99998,3.5e-05,-1.0,1.4,-4.3,5.2,-650.0,690.0,True
GW190828_065509-v3,GW190828_065509,IAS-O3a,1251010527.8,O3a,BBH,13.4,35.0,24.0,10.0,,1500.0,0.29,0.0,1.0,0.001,-1.6,2.0,-6.0,19.0,-600.0,1400.0,False
GW190828_063405-v1,GW190828_063405,GWTC-2,1251009263.8,O3a,BBH,25.0,58.0,32.1,26.2,54.9,2130.0,0.38,0.19,1.0,1e-05,-2.1,3.4,-4.8,7.7,-930.0,660.0,False
GW190828_063405-v2,GW190828_063405,GWTC-2.1-confident,1251009263.7,O3a,BBH,24.6,57.2,31.9,25.8,54.3,2070.0,0.38,0.15,1.0,1e-05,-2.0,3.6,-4.3,7.9,-920.0,650.0,True
GW190828_063405-v3,GW190828_063405,IAS-O3a,1251009263.7,O3a,BBH,25.0,58.0,33.0,26.0,,2300.0,0.41,0.2,1.0,0.001,-3.0,19.0,-5.0,68.0,-1200.0,1700.0,False
GW190821_124821-v1,GW190821_124821,IAS-O3a,1250426919.9,O3a,BBH,4.8,11.9,8.0,3.9,,800.0,0.17,-0.4,0.6,1.4,-2.0,0.3,-1.8,7.1,-400.0,5800.0,True
GW190818_232544-v1,GW190818_232544,IAS-O3a,1250205962.3,O3a,BBH,41.0,110.0,70.0,34.0,,6000.0,0.9,0.7,0.81,0.29,-13.0,15.0,-30.0,40.0,-3000.0,7000.0,True
GW190814-v1,GW190814,O3_Discovery_Papers,1249852257.0,O3a,NSBH,6.09,25.8,23.2,2.59,,241.0,0.053,-0.002,,,-0.06,0.06,-0.9,1.0,-45.0,41.0,True
GW190814-v2,GW190814,GWTC-2,1249852257.0,O3a,NSBH,6.09,25.8,23.2,2.59,25.6,240.0,0.05,0.0,1.0,1e-05,-0.06,0.06,-0.9,1.0,-50.0,40.0,False
GW190814_211039-v3,GW190814,GWTC-2.1-confident,1249852257.0,O3a,NSBH,6.11,25.9,23.3,2.6,25.7,230.0,0.05,0.0,1.0,1e-05,-0.05,0.06,-1.3,1.3,-50.0,40.0,False
GW190814_192009-v1,GW190814_192009,IAS-O3a,1249845627.6,O3a,BBH,51.0,130.0,80.0,50.0,,9000.0,1.2,0.5,0.64,1.5,-19.0,29.0,-40.0,110.0,-6000.0,7000.0,True
GW190805_211137-v1,GW190805_211137,GWTC-2.1-confident,1249074715.3,O3a,BBH,31.9,76.7,46.2,30.6,72.4,6130.0,0.92,0.37,0.95372,0.63,-6.3,8.8,-13.8,19.5,-3080.0,3720.0,True
GW190805_211137-v2,GW190805_211137,IAS-O3a,1249074715.3,O3a,BBH,32.0,78.0,45.0,32.0,,7000.0,1.0,0.6,0.81,0.3,-9.0,18.0,-17.0,75.0,-4000.0,6000.0,False
GW190803_022701-v1,GW190803_022701,GWTC-2,1248834439.9,O3a,BBH,27.3,64.5,37.3,27.3,61.7,3270.0,0.55,-0.03,0.99411,0.026934317250435554,-4.1,5.7,-9.0,12.6,-1580.0,1950.0,False
GW190803_022701-v2,GW190803_022701,GWTC-2.1-confident,1248834439.8,O3a,BBH,27.6,65.0,37.7,27.6,62.1,3190.0,0.54,-0.01,0.97383,0.073,-3.8,5.4,-8.1,12.0,-1470.0,1630.0,True
GW190803_022701-v3,GW190803_022701,IAS-O3a,1248834439.9,O3a,BBH,28.0,66.0,38.0,27.0,,4000.0,0.6,0.0,0.94,0.064,-6.0,18.0,-11.0,72.0,-2000.0,5000.0,False
GW190731_140936-v1,GW190731_140936,GWTC-2,1248617394.6,O3a,BBH,29.5,70.1,41.5,28.8,67.0,3300.0,0.55,0.06,0.966501,0.20584212311867794,-5.2,7.1,-11.3,15.8,-1720.0,2390.0,False
GW190731_140936-v2,GW190731_140936,GWTC-2.1-confident,1248617394.6,O3a,BBH,29.7,70.7,41.8,29.0,67.4,3330.0,0.56,0.07,0.83427,0.33,-5.3,7.4,-11.4,16.3,-1770.0,2350.0,True
GW190731_140936-v3,GW190731_140936,IAS-O3a,1248617394.6,O3a,BBH,29.0,70.0,41.0,29.0,,4000.0,0.7,0.1,0.76,0.49,-7.0,22.0,-14.0,83.0,-2000.0,6000.0,False
GW190728_064510-v1,GW190728_064510,GWTC-2,1248331528.5,O3a,BBH,8.6,20.6,12.3,8.1,19.6,870.0,0.18,0.12,1.0,1e-05,-0.3,0.5,-1.3,4.5,-370.0,260.0,False
GW190728_064510-v2,GW190728_064510,GWTC-2.1-confident,1248331528.5,O3a,BBH,8.6,20.7,12.5,8.0,19.7,880.0,0.18,0.13,1.0,1e-05,-0.3,0.6,-1.4,4.2,-380.0,260.0,True
GW190728_064510-v3,GW190728_064510,IAS-O3a,1248331528.5,O3a,BBH,8.7,23.0,16.0,7.0,,900.0,0.17,0.2,1.0,0.001,-0.6,0.7,-4.0,11.0,-400.0,500.0,False
GW190727_060333-v1,GW190727_060333,GWTC-2,1248242632.0,O3a,BBH,28.6,67.1,38.0,29.4,63.8,3300.0,0.55,0.11,1.0,1e-05,-3.7,5.3,-8.0,11.7,-1500.0,1540.0,False
GW190727_060333-v2,GW190727_060333,GWTC-2.1-confident,1248242631.9,O3a,BBH,29.4,68.8,38.9,30.2,65.4,3070.0,0.52,0.09,1.0,1e-05,-3.7,4.6,-7.8,10.2,-1230.0,1300.0,True
GW190727_060333-v3,GW190727_060333,IAS-O3a,1248242632.0,O3a,BBH,28.0,67.0,38.0,29.0,,3300.0,0.6,0.1,1.0,0.001,-5.0,21.0,-9.0,83.0,-1900.0,2400.0,False
GW190725_174728-v1,GW190725_174728,GWTC-2.1-confident,1248112066.4,O3a,BBH,7.4,18.3,11.8,6.3,17.6,1030.0,0.2,-0.04,0.96021,0.46,-0.5,0.5,-1.9,7.4,-430.0,520.0,True
GW190725_174728-v2,GW190725_174728,IAS-O3a,1248112066.4,O3a,BBH,7.5,19.0,13.0,5.0,,1100.0,0.21,0.1,0.96,0.029000000000000005,-1.0,0.6,-3.0,27.0,-500.0,1100.0,False
GW190720_000836-v1,GW190720_000836,GWTC-2,1247616534.7,O3a,BBH,8.9,21.5,13.4,7.8,20.4,790.0,0.16,0.18,1.0,1e-05,-0.8,0.5,-2.3,4.3,-320.0,690.0,False
GW190720_000836-v2,GW190720_000836,GWTC-2.1-confident,1247616534.7,O3a,BBH,9.0,21.8,14.2,7.5,20.8,770.0,0.16,0.19,1.0,1e-05,-0.8,0.4,-2.0,3.8,-260.0,650.0,True
GW190720_000836-v3,GW190720_000836,IAS-O3a,1247616534.6,O3a,BBH,8.6,23.0,17.0,6.0,,1100.0,0.21,0.3,1.0,0.001,-1.7,0.7,-5.0,11.0,-500.0,2000.0,False
GW190719_215514-v1,GW190719_215514,GWTC-2,1247608532.9,O3a,BBH,23.5,57.8,36.5,20.8,54.9,3940.0,0.64,0.32,0.81555,1.559222128828275,-4.0,6.5,-10.7,18.3,-2000.0,2590.0,False
GW190719_215514-v2,GW190719_215514,GWTC-2.1-confident,1247608532.9,O3a,BBH,22.8,57.2,36.6,19.9,54.5,3730.0,0.61,0.25,0.91976,0.63,-4.3,8.3,-11.6,38.4,-2070.0,3120.0,True
GW190719_215514-v3,GW190719_215514,IAS-O3a,1247608532.9,O3a,BBH,31.0,90.0,60.0,25.0,,6000.0,0.9,0.6,0.9,0.12,-11.0,21.0,-40.0,50.0,-4000.0,9000.0,False
GW190718_160159-v1,GW190718_160159,IAS-O3a,1247500937.3,O3a,BBH,7.1,17.0,11.0,6.3,,1500.0,0.28,0.7,0.53,2.1,-3.1,0.7,-3.0,11.0,-700.0,7900.0,True
GW190711_030756-v1,GW190711_030756,IAS-O3a,1246849694.6,O3a,BBH,33.0,120.0,90.0,20.0,,2500.0,0.4,0.3,0.93,0.09,-8.0,28.0,-50.0,50.0,-1300.0,4300.0,True
GW190708_232457-v1,GW190708_232457,GWTC-2,1246663515.4,O3a,BBH,13.2,30.9,17.6,13.2,29.5,880.0,0.18,0.02,0.999988,2.8252506364808675e-05,-0.6,0.9,-1.8,2.5,-390.0,330.0,False
GW190708_232457-v2,GW190708_232457,GWTC-2.1-confident,1246663515.3,O3a,BBH,13.1,31.4,19.8,11.6,30.1,930.0,0.19,0.05,0.99965,0.00031,-0.6,0.9,-2.2,2.8,-390.0,310.0,True
GW190707_093326-v1,GW190707_093326,GWTC-2,1246527224.2,O3a,BBH,8.5,20.1,11.6,8.4,19.2,770.0,0.16,-0.05,1.0,1e-05,-0.5,0.6,-1.3,1.9,-370.0,380.0,False
GW190707_093326-v2,GW190707_093326,GWTC-2.1-confident,1246527224.1,O3a,BBH,8.4,20.1,12.1,7.9,19.2,850.0,0.17,-0.04,1.0,1e-05,-0.4,0.6,-1.2,1.7,-400.0,340.0,True
GW190707_093326-v3,GW190707_093326,IAS-O3a,1246527224.1,O3a,BBH,8.5,20.0,11.5,8.3,,800.0,0.17,-0.08,1.0,0.001,-0.7,0.6,-1.4,11.8,-300.0,600.0,False
GW190707_083226-v1,GW190707_083226,IAS-O3a,1246523564.9,O3a,BBH,35.0,85.0,52.0,32.0,,4000.0,0.6,-0.2,0.94,0.043,-10.0,16.0,-18.0,73.0,-2000.0,5000.0,True
GW190706_222641-v1,GW190706_222641,GWTC-2,1246487219.3,O3a,BBH,42.7,104.1,67.0,38.2,99.0,4420.0,0.71,0.28,1.0,1e-05,-7.0,10.0,-13.9,20.2,-1930.0,2590.0,False
GW190706_222641-v2,GW190706_222641,GWTC-2.1-confident,1246487219.3,O3a,BBH,45.6,112.6,74.0,39.4,107.3,3630.0,0.6,0.28,1.0,5e-05,-9.1,13.0,-16.8,27.4,-2000.0,2600.0,True
GW190706_222641-v3,GW190706_222641,IAS-O3a,1246487219.3,O3a,BBH,42.0,104.0,67.0,38.0,,5000.0,0.8,0.4,1.0,0.001,-10.0,25.0,-15.0,107.0,-3000.0,3000.0,False
GW190704_104834-v1,GW190704_104834,IAS-O3a,1246272532.7,O3a,BBH,4.13,10.0,7.0,3.1,,500.0,0.1,0.2,0.81,0.35,-2.29,0.16,-2.0,8.0,-190.0,10520.0,True
GW190701_203306-v1,GW190701_203306,GWTC-2,1246048404.6,O3a,BBH,40.3,94.3,53.9,40.8,90.2,2060.0,0.37,-0.07,0.997879,0.010861368605368522,-4.9,5.4,-9.5,12.1,-730.0,760.0,False
GW190701_203306-v2,GW190701_203306,GWTC-2.1-confident,1246048404.5,O3a,BBH,40.2,94.3,54.1,40.5,90.2,2090.0,0.38,-0.08,0.99986,0.0057,-5.0,5.4,-9.5,12.0,-740.0,770.0,True
GW190630_185205-v1,GW190630_185205,GWTC-2,1245955943.2,O3a,BBH,24.9,59.1,35.1,23.7,56.4,890.0,0.18,0.1,1.0,1e-05,-2.1,2.1,-4.8,4.6,-370.0,560.0,False
GW190630_185205-v2,GW190630_185205,GWTC-2.1-confident,1245955943.1,O3a,BBH,25.1,59.4,35.1,24.0,56.6,870.0,0.18,0.1,1.0,1e-05,-2.1,2.2,-4.8,4.7,-360.0,530.0,True
GW190620_030421-v1,GW190620_030421,GWTC-2,1245035079.3,O3a,BBH,38.3,92.1,57.1,35.5,87.2,2810.0,0.49,0.33,0.999133,0.0029209383726319974,-6.5,8.3,-13.1,18.5,-1310.0,1680.0,False
GW190620_030421-v2,GW190620_030421,GWTC-2.1-confident,1245035079.3,O3a,BBH,38.1,92.7,58.0,35.0,88.0,2910.0,0.5,0.34,0.98748,0.011,-7.2,8.5,-13.2,18.5,-1320.0,1710.0,True
GW190602_175927-v1,GW190602_175927,GWTC-2,1243533585.1,O3a,BBH,49.1,116.3,69.1,47.8,110.9,2690.0,0.47,0.07,0.999994,1.1478437256536947e-05,-8.5,9.1,-15.6,19.0,-1120.0,1790.0,False
GW190602_175927-v2,GW190602_175927,GWTC-2.1-confident,1243533585.0,O3a,BBH,48.0,115.6,71.8,44.8,110.5,2840.0,0.49,0.12,1.0,1e-05,-9.7,9.5,-14.8,19.2,-1280.0,1930.0,True
GW190602_175927-v3,GW190602_175927,IAS-O3a,1243533585.1,O3a,BBH,49.0,120.0,73.0,44.0,,3000.0,0.5,0.2,1.0,0.001,-14.0,21.0,-20.0,90.0,-1900.0,2600.0,False
GW190531_023648-v1,GW190531_023648,GWTC-2.1-marginal,1243305426.3,O3a,unknown,,,,,,,,,,0.41,,,,,,,True
GW190527_092055-v1,GW190527_092055,GWTC-2,1242984073.8,O3a,BBH,24.3,59.1,36.5,22.6,56.4,2490.0,0.44,0.11,0.988513,0.062270351314133505,-4.2,9.1,-9.8,21.3,-1240.0,2480.0,False
GW190527_092055-v2,GW190527_092055,GWTC-2.1-confident,1242984073.7,O3a,BBH,23.9,58.1,35.6,22.2,55.5,2520.0,0.44,0.1,0.84784,0.23,-3.9,6.8,-8.8,18.1,-1230.0,2080.0,True
GW190527_092055-v3,GW190527_092055,IAS-O3a,1242984073.8,O3a,BBH,26.0,63.0,39.0,24.0,,3100.0,0.5,0.3,0.92,0.093,-6.0,21.0,-13.0,74.0,-1700.0,5200.0,False
GW190521_074359-v1,GW190521_074359,GWTC-2,1242459857.5,O3a,BBH,32.1,74.7,42.2,32.8,71.0,1240.0,0.24,0.09,1.0,1e-05,-2.5,3.2,-4.8,7.0,-570.0,400.0,False
GW190521_074359-v2,GW190521_074359,GWTC-2.1-confident,1242459857.4,O3a,BBH,32.8,76.3,43.4,33.4,72.6,1080.0,0.21,0.1,1.0,1e-05,-2.8,3.2,-5.9,7.0,-530.0,580.0,True
GW190521_074359-v3,GW190521_074359,IAS-O3a,1242459857.4,O3a,BBH,33.0,78.0,43.0,35.0,,1000.0,0.21,0.1,1.0,0.001,-7.0,23.0,-11.0,86.0,-500.0,800.0,False
GW190521-v1,GW190521,O3_Discovery_Papers,1242442967.4,O3a,unknown,,,,,,,,,,,,,,,,,True
GW190521-v2,GW190521,O3_Discovery_Papers,1242442967.4,O3a,BBH,64.0,150.0,85.0,66.0,,5300.0,0.82,0.08,,,-8.0,13.0,-17.0,29.0,-2600.0,2400.0,False
GW190521-v3,GW190521,GWTC-2,1242442967.4,O3a,BBH,69.2,163.9,95.3,69.0,156.3,3920.0,0.64,0.03,0.999624,0.0002039635028,-10.6,17.0,-23.5,39.2,-1950.0,2190.0,False
GW190521_030229-v4,GW190521,GWTC-2.1-confident,1242442967.4,O3a,BBH,63.3,153.1,98.4,57.2,147.4,3310.0,0.56,-0.14,0.99989,0.0013,-14.6,19.6,-16.2,42.2,-1800.0,2790.0,False
GW190519_153544-v1,GW190519_153544,GWTC-2,1242315362.4,O3a,BBH,44.5,106.6,66.0,40.5,101.0,2530.0,0.44,0.31,1.0,1e-05,-7.1,6.4,-14.8,13.5,-920.0,1830.0,False
GW190519_153544-v2,GW190519_153544,GWTC-2.1-confident,1242315362.3,O3a,BBH,44.3,105.6,65.1,40.8,100.0,2600.0,0.45,0.33,1.0,1e-05,-7.5,6.8,-13.9,14.4,-960.0,1720.0,True
GW190519_153544-v3,GW190519_153544,IAS-O3a,1242315362.4,O3a,BBH,43.0,103.0,62.0,41.0,,3000.0,0.5,0.4,1.0,0.001,-13.0,19.0,-19.0,92.0,-1600.0,3000.0,False
GW190517_055101-v1,GW190517_055101,GWTC-2,1242107479.8,O3a,BBH,26.6,63.5,37.4,25.3,59.3,1860.0,0.34,0.52,1.0,5.720513515363399e-05,-4.0,4.0,-9.6,9.6,-840.0,1620.0,False
GW190517_055101-v2,GW190517_055101,GWTC-2.1-confident,1242107479.8,O3a,BBH,26.5,64.1,39.2,24.0,60.1,1790.0,0.33,0.49,1.0,0.00035,-4.2,4.0,-9.8,9.9,-880.0,1750.0,True
GW190517_055101-v3,GW190517_055101,IAS-O3a,1242107479.8,O3a,BBH,28.0,65.0,39.0,27.0,,2200.0,0.39,0.6,1.0,0.001,-6.0,18.0,-10.0,77.0,-1200.0,4600.0,False
GW190514_065416-v1,GW190514_065416,GWTC-2,1241852074.8,O3a,BBH,28.5,67.2,39.0,28.4,64.5,4130.0,0.67,-0.19,0.95959,0.5266876793595081,-4.8,7.9,-10.8,18.7,-2170.0,2650.0,False
GW190514_065416-v2,GW190514_065416,GWTC-2.1-confident,1241852074.8,O3a,BBH,29.1,69.3,40.9,28.4,66.4,3890.0,0.64,-0.08,0.76021,2.8,-5.4,8.1,-12.1,19.8,-2070.0,2610.0,True
GW190514_065416-v3,GW190514_065416,IAS-O3a,1241852074.8,O3a,BBH,29.0,68.0,39.0,28.0,,4000.0,0.6,-0.4,0.98,0.0034,-6.0,22.0,-13.0,81.0,-2000.0,5000.0,False
GW190513_205428-v1,GW190513_205428,GWTC-2,1241816086.8,O3a,BBH,21.6,53.9,35.7,18.0,51.6,2060.0,0.37,0.11,1.0,1e-05,-1.9,3.8,-5.9,8.6,-800.0,880.0,False
GW190513_205428-v2,GW190513_205428,GWTC-2.1-confident,1241816086.7,O3a,BBH,21.8,54.4,36.0,18.3,52.1,2210.0,0.4,0.16,0.99998,1.3e-05,-2.2,3.8,-6.7,9.3,-810.0,990.0,True
GW190513_205428-v3,GW190513_205428,IAS-O3a,1241816086.7,O3a,BBH,23.0,58.0,41.0,18.0,,2400.0,0.42,0.3,1.0,0.001,-4.0,17.0,-9.0,66.0,-1200.0,2000.0,False
GW190512_180714-v1,GW190512_180714,GWTC-2,1241719652.4,O3a,BBH,14.6,35.9,23.3,12.6,34.5,1430.0,0.27,0.03,1.0,1e-05,-1.0,1.3,-3.5,3.8,-550.0,550.0,False
GW190512_180714-v2,GW190512_180714,GWTC-2.1-confident,1241719652.4,O3a,BBH,14.6,35.8,23.2,12.5,34.3,1460.0,0.28,0.02,1.0,1e-05,-0.9,1.4,-3.5,4.1,-590.0,510.0,True
GW190512_180714-v3,GW190512_180714,IAS-O3a,1241719652.4,O3a,BBH,14.4,36.0,24.0,12.0,,1600.0,0.29,0.1,1.0,0.001,-1.3,3.5,-4.0,21.0,-700.0,800.0,False
GW190503_185404-v1,GW190503_185404,GWTC-2,1240944862.3,O3a,BBH,30.2,71.7,43.3,28.4,68.6,1450.0,0.27,-0.03,1.0,1e-05,-4.2,4.2,-8.3,9.4,-630.0,690.0,False
GW190503_185404-v2,GW190503_185404,GWTC-2.1-confident,1240944862.2,O3a,BBH,29.3,69.4,41.3,28.3,66.5,1520.0,0.29,-0.05,1.0,1e-05,-4.4,4.5,-8.6,10.1,-600.0,630.0,True
GW190503_185404-v3,GW190503_185404,IAS-O3a,1240944862.3,O3a,BBH,31.0,73.0,42.0,31.0,,1600.0,0.31,-0.1,1.0,0.001,-7.0,20.0,-12.0,78.0,-800.0,1300.0,False
GW190426_190642-v1,GW190426_190642,GWTC-2.1-confident,1240340820.6,O3a,BBH,76.0,182.3,105.5,76.0,172.9,4580.0,0.73,0.23,0.75053,4.1,-17.4,19.1,-35.7,40.2,-2280.0,3400.0,True
GW190426_152155-v1,GW190426_152155,GWTC-2,1240327333.3,O3a,NSBH,2.41,7.2,5.7,1.5,,370.0,0.08,-0.03,,1.443741335492165,-0.08,0.08,-1.5,3.5,-160.0,180.0,False
GW190426_152155-v2,GW190426_152155,GWTC-2.1-marginal,1240327333.3,O3a,unknown,,,,,,,,,,0.91,,,,,,,True
GW190425-v1,GW190425,O3_Discovery_Papers,1240215503.0,O3a,BNS,1.44,3.3,1.74,1.56,,159.0,0.04,0.012,,,-0.02,0.02,-0.1,0.1,-72.0,69.0,True
GW190425-v2,GW190425,GWTC-2,1240215503.0,O3a,BNS,1.44,3.4,2.0,1.4,,160.0,0.03,0.06,,0.000751854698112682,-0.02,0.02,-0.1,0.3,-70.0,70.0,False
GW190425_081805-v3,GW190425,GWTC-2.1-confident,1240215503.0,O3a,BNS,1.44,3.4,2.1,1.3,,150.0,0.03,0.07,0.78349,0.034,-0.02,0.02,-0.1,0.3,-60.0,80.0,False
GW190424_180648-v1,GW190424_180648,GWTC-2,1240164426.1,O3a,BBH,31.0,72.6,40.5,31.8,68.9,2200.0,0.39,0.13,0.906492,0.7822864941910456,-4.6,5.8,-10.7,13.3,-1160.0,1580.0,False
GW190424_180648-v2,GW190424_180648,GWTC-2.1-auxiliary,1240164426.1,O3a,unknown,,,,,,,,,0.12110151519463319,9.038785546924121,,,,,,,True
GW190421_213856-v1,GW190421_213856,GWTC-2,1239917954.3,O3a,BBH,31.2,72.9,41.3,31.9,69.7,2880.0,0.49,-0.06,0.999768,0.0007738314255311893,-4.2,5.9,-9.2,13.4,-1380.0,1370.0,False
GW190421_213856-v2,GW190421_213856,GWTC-2.1-confident,1239917954.2,O3a,BBH,31.4,73.6,42.0,32.0,70.5,2590.0,0.45,-0.1,0.99792,0.0028,-4.6,6.0,-9.5,13.2,-1240.0,1490.0,True
GW190421_213856-v3,GW190421_213856,IAS-O3a,1239917954.2,O3a,BBH,31.0,74.0,43.0,31.0,,2800.0,0.5,-0.1,1.0,0.001,-6.0,25.0,-12.0,94.0,-1600.0,2300.0,False
GW190413_134308-v1,GW190413_134308,GWTC-2,1239198206.7,O3a,BBH,33.0,78.8,47.5,31.8,75.5,4450.0,0.71,-0.03,0.9849,0.043657319879159086,-5.4,8.2,-11.9,17.4,-2120.0,2480.0,False
GW190413_134308-v2,GW190413_134308,GWTC-2.1-confident,1239198206.7,O3a,BBH,33.3,81.3,51.3,30.4,78.0,3800.0,0.62,-0.01,0.99058,0.18,-6.3,7.8,-11.8,16.8,-1830.0,2480.0,True
GW190413_134308-v3,GW190413_134308,IAS-O3a,1239198206.7,O3a,BBH,34.0,84.0,56.0,29.0,,4000.0,0.6,0.0,1.0,0.001,-10.0,17.0,-16.0,77.0,-2000.0,4000.0,False
GW190413_052954-v1,GW190413_052954,GWTC-2,1239168612.5,O3a,BBH,24.6,58.6,34.7,23.7,56.0,3550.0,0.59,-0.01,0.97779,0.07168326663702794,-4.1,5.5,-9.7,13.3,-1660.0,2270.0,False
GW190413_052954-v2,GW190413_052954,GWTC-2.1-confident,1239168612.5,O3a,BBH,24.5,58.0,33.7,24.2,55.5,3320.0,0.56,-0.04,0.9275,0.82,-3.4,4.6,-7.8,10.6,-1400.0,1910.0,True
GW190413_052954-v3,GW190413_052954,IAS-O3a,1239168612.5,O3a,BBH,24.0,57.0,33.0,23.0,,4000.0,0.7,0.0,0.83,0.24,-6.0,6.0,-10.0,30.0,-2000.0,3000.0,False
GW190412-v1,GW190412,O3_Discovery_Papers,1239082262.2,O3a,unknown,,,,,,,,,,,,,,,,,True
GW190412-v2,GW190412,O3_Discovery_Papers,1239082262.2,O3a,BBH,13.3,38.4,30.1,8.3,,740.0,0.15,0.25,,,-0.4,0.4,-3.9,3.8,-160.0,130.0,False
GW190412-v3,GW190412,GWTC-2,1239082262.2,O3a,BBH,13.3,38.4,30.1,8.3,37.3,740.0,0.15,0.25,1.0,1e-05,-0.3,0.4,-3.7,3.8,-170.0,140.0,False
GW190412_053044-v4,GW190412,GWTC-2.1-confident,1239082262.1,O3a,BBH,13.3,36.8,27.7,9.0,35.6,720.0,0.15,0.21,1.0,1e-05,-0.5,0.5,-4.4,4.7,-220.0,240.0,False
GW190412-v5,GW190412,IAS-O3a,1239082262.1,O3a,BBH,13.3,39.0,31.0,8.0,,700.0,0.15,0.2,1.0,0.001,-0.9,1.6,-8.0,14.0,-300.0,400.0,False
GW190408_181802-v1,GW190408_181802,GWTC-2,1238782700.3,O3a,BBH,18.3,43.0,24.6,18.4,41.1,1550.0,0.29,-0.03,1.0,1e-05,-1.2,1.9,-3.0,4.2,-600.0,400.0,False
GW190408_181802-v2,GW190408_181802,GWTC-2.1-confident,1238782700.2,O3a,BBH,18.5,43.4,24.8,18.5,41.4,1540.0,0.29,-0.03,1.0,1e-05,-1.2,1.9,-3.0,4.2,-620.0,440.0,True
GW190408_181802-v3,GW190408_181802,IAS-O3a,1238782700.3,O3a,BBH,18.0,43.0,25.0,18.0,,1600.0,0.3,0.0,1.0,0.001,-3.0,9.0,-5.0,42.0,-800.0,1000.0,False
GW190403_051519-v1,GW190403_051519,GWTC-2.1-confident,1238303737.2,O3a,BBH,34.0,106.6,85.0,20.0,102.2,8280.0,1.18,0.68,0.60924,7.7,-8.4,15.1,-23.6,26.7,-4290.0,6720.0,True
GW170823-v1,GW170823,GWTC-1-confident,1187529256.5,O2,BBH,29.2,68.5,39.5,29.0,65.4,1940.0,0.35,0.09,1.0,1e-07,-3.6,4.6,,,-900.0,970.0,False
GW170823-v2,GW170823,GWTC-2.1-confident,1187529256.5,O2,BBH,28.6,67.0,38.3,29.0,63.9,1970.0,0.36,0.05,,,-3.3,4.5,-7.2,10.3,-930.0,840.0,True
GW170818-v1,GW170818,GWTC-1-confident,1187058327.1,O2,BBH,26.5,62.099999999999994,35.4,26.7,59.4,1060.0,0.21,-0.09,1.0,4.2000000000000004e-05,-1.7,2.1,,,-380.0,420.0,False
GW170818-v2,GW170818,GWTC-2.1-confident,1187058327.1,O2,BBH,26.8,62.5,34.8,27.6,59.7,1080.0,0.21,-0.06,,,-2.0,2.3,-4.6,5.3,-410.0,430.0,True
GW170817-v1,GW170817,O1_O2-Preliminary,1187008882.4,O2,unknown,,,,,,,,,,,,,,,,,False
GW170817-v2,GW170817,O1_O2-Preliminary,1187008882.4,O2,unknown,,,,,,,,,,,,,,,,,False
GW170817-v3,GW170817,GWTC-1-confident,1187008882.4,O2,BNS,1.186,2.73,1.46,1.27,2.8,40.0,0.01,0.0,1.0,1e-07,-0.001,0.001,,,-15.0,7.0,True
GW170814-v1,GW170814,O1_O2-Preliminary,1186741861.5,O2,unknown,,,,,,,,,,,,,,,,,False
GW170814-v2,GW170814,O1_O2-Preliminary,1186741861.5,O2,unknown,,,,,,,,,,,,,,,,,False
GW170814-v3,GW170814,GWTC-1-confident,1186741861.5,O2,BBH,24.1,55.8,30.6,25.2,53.2,600.0,0.12,0.07,1.0,1e-07,-1.1,1.4,,,-220.0,150.0,False
GW170814-v4,GW170814,GWTC-2.1-confident,1186741861.5,O2,BBH,24.1,56.0,30.9,24.9,53.2,610.0,0.13,0.08,,,-1.2,1.4,-3.0,3.5,-230.0,160.0,True
GW170809-v1,GW170809,GWTC-1-confident,1186302519.8,O2,BBH,24.9,58.8,35.0,23.8,56.3,1030.0,0.2,0.08,1.0,1e-07,-1.7,2.1,,,-390.0,320.0,False
GW170809-v2,GW170809,GWTC-2.1-confident,1186302519.8,O2,BBH,24.8,58.5,34.1,24.2,55.7,1070.0,0.21,0.07,,,-1.6,2.2,-3.9,5.3,-380.0,310.0,True
GW170729-v1,GW170729,GWTC-1-confident,1185389807.3,O2,BBH,35.4,84.2,50.2,34.0,79.5,2840.0,0.49,0.37,0.98,0.02,-4.8,6.5,,,-1360.0,1400.0,False
GW170729-v2,GW170729,GWTC-2.1-confident,1185389807.3,O2,BBH,34.6,84.4,54.7,30.2,80.3,2490.0,0.44,0.29,,,-5.7,7.0,-10.9,15.0,-1230.0,1690.0,True
170720-v1,170720,GWTC-1-marginal,1184625889.8,O2,unknown,,,,,,,,,,10.75,,,,,,,True
170705-v1,170705,GWTC-1-marginal,1183279534.3,O2,unknown,,,,,,,,,,10.97,,,,,,,True
170630-v1,170630,GWTC-1-marginal,1182874645.8,O2,unknown,,,,,,,,,,10.46,,,,,,,True
170616-v1,170616,GWTC-1-marginal,1181677658.8,O2,unknown,,,,,,,,,,1.94,,,,,,,True
GW170608-v1,GW170608,O1_O2-Preliminary,1180922494.5,O2,unknown,,,,,,,,,,,,,,,,,False
GW170608-v2,GW170608,O1_O2-Preliminary,1180922494.5,O2,unknown,,,,,,,,,,,,,,,,,False
GW170608-v3,GW170608,GWTC-1-confident,1180922494.5,O2,BBH,7.9,18.6,11.0,7.6,17.8,320.0,0.07,0.03,1.0,1e-07,-0.2,0.2,,,-110.0,120.0,False
GW170608-v4,GW170608,GWTC-2.1-confident,1180922494.5,O2,BBH,7.9,18.5,10.6,7.8,17.7,340.0,0.07,0.05,,,-0.2,0.2,-0.6,2.0,-130.0,120.0,True
170423-v1,170423,GWTC-1-marginal,1176984663.0,O2,unknown,,,,,,,,,,6.47,,,,,,,True
170412-v1,170412,GWTC-1-marginal,1176047817.0,O2,unknown,,,,,,,,,,8.22,,,,,,,True
170405-v1,170405,GWTC-1-marginal,1175425510.7,O2,unknown,,,,,,,,,,4.55,,,,,,,True
170219-v1,170219,GWTC-1-marginal,1171548267.0,O2,unknown,,,,,,,,,,6.26,,,,,,,True
170208-v1,170208,GWTC-1-marginal,1170585583.8,O2,unknown,,,,,,,,,,11.18,,,,,,,True
GW170104-v1,GW170104,O1_O2-Preliminary,1167559936.6,O2,unknown,,,,,,,,,,,,,,,,,False
GW170104-v2,GW170104,GWTC-1-confident,1167559936.6,O2,BBH,21.4,50.8,30.8,20.0,48.9,990.0,0.2,-0.04,1.0,1e-07,-1.8,2.2,,,-430.0,440.0,False
GW170104-v3,GW170104,GWTC-2.1-confident,1167559936.6,O2,BBH,21.1,49.6,28.7,20.8,47.5,1110.0,0.22,-0.04,,,-1.5,2.0,-3.6,4.7,-480.0,390.0,True
161217-v1,161217,GWTC-1-marginal,1165994201.4,O2,unknown,,,,,,,,,,10.12,,,,,,,True
161202-v1,161202,GWTC-1-marginal,1164686041.9,O2,unknown,,,,,,,,,,6.0,,,,,,,True
GW151226-v1,GW151226,O1_O2-Preliminary,1135136350.6,O1,unknown,,,,,,,,,,,,,,,,,False
GW151226-v2,GW151226,GWTC-1-confident,1135136350.6,O1,BBH,8.9,21.4,13.7,7.7,20.5,450.0,0.09,0.18,1.0,1e-07,-0.3,0.3,,,-190.0,180.0,False
GW151226-v3,GW151226,GWTC-2.1-confident,1135136350.6,O1,BBH,8.9,21.7,14.2,7.5,20.7,460.0,0.1,0.2,,,-0.3,0.3,-1.6,8.3,-200.0,160.0,True
151116-v1,151116,GWTC-1-marginal,1131748925.7,O1,unknown,,,,,,,,,,4.77,,,,,,,True
GW151012-v1,GW151012,O1_O2-Preliminary,1128678900.4,O1,unknown,,,,,,,,,,,,,,,,,False
GW151012-v2,GW151012,O1_O2-Preliminary,1128678900.4,O1,unknown,,,,,,,,,,,,,,,,,False
GW151012-v3,GW151012,GWTC-1-confident,1128678900.4,O1,BBH,15.2,36.8,23.2,13.6,35.6,1080.0,0.21,0.05,1.0,0.00792,-1.2,2.1,,,-490.0,550.0,False
GW151012-v4,GW151012,GWTC-2.1-confident,1128678900.4,O1,BBH,15.6,38.8,24.8,13.6,37.1,1000.0,0.2,0.12,,,-1.5,2.3,-4.7,10.3,-490.0,640.0,True
151012.2-v1,151012.2,GWTC-1-marginal,1128666662.2,O1,unknown,,,,,,,,,,8.56,,,,,,,True
151008-v1,151008,GWTC-1-marginal,1128348574.5,O1,unknown,,,,,,,,,,10.17,,,,,,,True
GW150914-v1,GW150914,O1_O2-Preliminary,1126259462.4,O1,unknown,,,,,,,,,,,,,,,,,False
GW150914-v2,GW150914,O1_O2-Preliminary,1126259462.4,O1,unknown,,,,,,,,,,,,,,,,,False
GW150914-v3,GW150914,GWTC-1-confident,1126259462.4,O1,BBH,28.6,66.2,35.6,30.6,63.1,440.0,0.09,-0.01,1.0,1e-07,-1.5,1.7,,,-170.0,150.0,False
GW150914-v4,GW150914,GWTC-2.1-confident,1126259462.4,O1,BBH,27.9,64.5,34.6,30.0,61.5,470.0,0.1,-0.04,,,-1.5,1.7,-3.2,3.7,-160.0,140.0,True
blind_injection-v1,blind_injection,Initial_LIGO_Virgo,968654557.9,other,unknown,,,,,,,,,,,,,,,,,True
GRB051103-v1,GRB051103,Initial_LIGO_Virgo,815043278.0,other,unknown,,,,,,,,,,,,,,,,,True
